{
    "type": "FeatureCollection",
    "features": [
        {
            "type": "Feature",
            "properties": {
                "shapeName": "bassa",
                "shapeISO": "",
                "shapeID": "9386221B8043626447015",
                "shapeGroup": "CMR",
                "shapeType": "ADM3"
            },
            "geometry": {
                "type": "MultiPolygon",
                "coordinates": [
                    [
                        [
                            [
                                9.536189,
                                3.825841
                            ],
                            [
                                9.536302,
                                3.825331
                            ],
                            [
                                9.536696,
                                3.82462
                            ],
                            [
                                9.537558,
                                3.823319
                            ],
                            [
                                9.538398,
                                3.821901
                            ],
                            [
                                9.538673,
                                3.820858
                            ],
                            [
                                9.539094,
                                3.820278
                            ],
                            [
                                9.539997,
                                3.819447
                            ],
                            [
                                9.541692,
                                3.818164
                            ],
                            [
                                9.543923,
                                3.817059
                            ],
                            [
                                9.544996,
                                3.81634
                            ],
                            [
                                9.545534,
                                3.815174
                            ],
                            [
                                9.545935,
                                3.814901
                            ],
                            [
                                9.547204,
                                3.814187
                            ],
                            [
                                9.548871,
                                3.812544
                            ],
                            [
                                9.550615,
                                3.810787
                            ],
                            [
                                9.55322,
                                3.808175
                            ],
                            [
                                9.556925,
                                3.803469
                            ],
                            [
                                9.558127,
                                3.801523
                            ],
                            [
                                9.55868,
                                3.800471
                            ],
                            [
                                9.559236,
                                3.799663
                            ],
                            [
                                9.560302,
                                3.797988
                            ],
                            [
                                9.560639,
                                3.797498
                            ],
                            [
                                9.561769,
                                3.795854
                            ],
                            [
                                9.566456,
                                3.788788
                            ],
                            [
                                9.571909,
                                3.781177
                            ],
                            [
                                9.572981,
                                3.779631
                            ],
                            [
                                9.57238,
                                3.77961
                            ],
                            [
                                9.576315,
                                3.774824
                            ],
                            [
                                9.577064,
                                3.773745
                            ],
                            [
                                9.577667,
                                3.772831
                            ],
                            [
                                9.59235,
                                3.74854
                            ],
                            [
                                9.611011,
                                3.717657
                            ],
                            [
                                9.61743,
                                3.706675
                            ],
                            [
                                9.625298,
                                3.692414
                            ],
                            [
                                9.636944,
                                3.668086
                            ],
                            [
                                9.639064,
                                3.664559
                            ],
                            [
                                9.64196,
                                3.64517
                            ],
                            [
                                9.6437,
                                3.64344
                            ],
                            [
                                9.64454,
                                3.64902
                            ],
                            [
                                9.6443,
                                3.65131
                            ],
                            [
                                9.643714,
                                3.656826
                            ],
                            [
                                9.646854,
                                3.651604
                            ],
                            [
                                9.64713,
                                3.648572
                            ],
                            [
                                9.64702,
                                3.64137
                            ],
                            [
                                9.65351,
                                3.6288
                            ],
                            [
                                9.653334,
                                3.628757
                            ],
                            [
                                9.65297,
                                3.628768
                            ],
                            [
                                9.652771,
                                3.62862
                            ],
                            [
                                9.64871,
                                3.62763
                            ],
                            [
                                9.64895,
                                3.62349
                            ],
                            [
                                9.650427,
                                3.623338
                            ],
                            [
                                9.65119,
                                3.621204
                            ],
                            [
                                9.654725,
                                3.619687
                            ],
                            [
                                9.659149,
                                3.620652
                            ],
                            [
                                9.661961,
                                3.620883
                            ],
                            [
                                9.662072,
                                3.620809
                            ],
                            [
                                9.657004,
                                3.618143
                            ],
                            [
                                9.654389,
                                3.618178
                            ],
                            [
                                9.650469,
                                3.620011
                            ],
                            [
                                9.649168,
                                3.620145
                            ],
                            [
                                9.648837,
                                3.61919
                            ],
                            [
                                9.6469,
                                3.6198
                            ],
                            [
                                9.6423,
                                3.6143
                            ],
                            [
                                9.64119,
                                3.62633
                            ],
                            [
                                9.63998,
                                3.62632
                            ],
                            [
                                9.6372,
                                3.60811
                            ],
                            [
                                9.63576,
                                3.59859
                            ],
                            [
                                9.63669,
                                3.59308
                            ],
                            [
                                9.640878,
                                3.591695
                            ],
                            [
                                9.640071,
                                3.587805
                            ],
                            [
                                9.639071,
                                3.581909
                            ],
                            [
                                9.635654,
                                3.575533
                            ],
                            [
                                9.633148,
                                3.571125
                            ],
                            [
                                9.633386,
                                3.566955
                            ],
                            [
                                9.629447,
                                3.561236
                            ],
                            [
                                9.630721,
                                3.559724
                            ],
                            [
                                9.62958,
                                3.55772
                            ],
                            [
                                9.6296,
                                3.55423
                            ],
                            [
                                9.63117,
                                3.55232
                            ],
                            [
                                9.6364,
                                3.54939
                            ],
                            [
                                9.63769,
                                3.55124
                            ],
                            [
                                9.641923,
                                3.546722
                            ],
                            [
                                9.641981,
                                3.54527
                            ],
                            [
                                9.647737,
                                3.540437
                            ],
                            [
                                9.648646,
                                3.539962
                            ],
                            [
                                9.65295,
                                3.53631
                            ],
                            [
                                9.656007,
                                3.536084
                            ],
                            [
                                9.671945,
                                3.524419
                            ],
                            [
                                9.67362,
                                3.523253
                            ],
                            [
                                9.68695,
                                3.51182
                            ],
                            [
                                9.70027,
                                3.50266
                            ],
                            [
                                9.71269,
                                3.49097
                            ],
                            [
                                9.71728,
                                3.488
                            ],
                            [
                                9.72048,
                                3.4887
                            ],
                            [
                                9.73268,
                                3.47517
                            ],
                            [
                                9.74347,
                                3.46692
                            ],
                            [
                                9.74444,
                                3.46602
                            ],
                            [
                                9.77933,
                                3.43323
                            ],
                            [
                                9.79912,
                                3.40937
                            ],
                            [
                                9.81613,
                                3.39286
                            ],
                            [
                                9.82925,
                                3.37588
                            ],
                            [
                                9.83076,
                                3.37432
                            ],
                            [
                                9.84787,
                                3.35662
                            ],
                            [
                                9.85984,
                                3.3401
                            ],
                            [
                                9.86468,
                                3.3316
                            ],
                            [
                                9.87433,
                                3.32289
                            ],
                            [
                                9.88791,
                                3.30361
                            ],
                            [
                                9.896,
                                3.285
                            ],
                            [
                                9.896649,
                                3.280687
                            ],
                            [
                                9.896428,
                                3.280529
                            ],
                            [
                                9.895832,
                                3.279971
                            ],
                            [
                                9.894792,
                                3.280169
                            ],
                            [
                                9.894656,
                                3.279576
                            ],
                            [
                                9.89567,
                                3.279079
                            ],
                            [
                                9.897074,
                                3.277862
                            ],
                            [
                                9.897234,
                                3.276801
                            ],
                            [
                                9.896071,
                                3.276646
                            ],
                            [
                                9.897921,
                                3.272234
                            ],
                            [
                                9.89811,
                                3.27098
                            ],
                            [
                                9.90018,
                                3.26661
                            ],
                            [
                                9.900274,
                                3.266625
                            ],
                            [
                                9.900428,
                                3.266256
                            ],
                            [
                                9.904104,
                                3.261782
                            ],
                            [
                                9.90749,
                                3.258795
                            ],
                            [
                                9.914442,
                                3.256256
                            ],
                            [
                                9.920836,
                                3.257769
                            ],
                            [
                                9.924063,
                                3.258504
                            ],
                            [
                                9.932776,
                                3.25842
                            ],
                            [
                                9.937981,
                                3.260239
                            ],
                            [
                                9.94155,
                                3.264465
                            ],
                            [
                                9.943149,
                                3.267677
                            ],
                            [
                                9.948712,
                                3.270101
                            ],
                            [
                                9.952562,
                                3.273102
                            ],
                            [
                                9.956984,
                                3.274834
                            ],
                            [
                                9.959219,
                                3.275763
                            ],
                            [
                                9.962312,
                                3.276685
                            ],
                            [
                                9.964453,
                                3.278055
                            ],
                            [
                                9.968515,
                                3.281106
                            ],
                            [
                                9.969569,
                                3.286054
                            ],
                            [
                                9.971661,
                                3.290202
                            ],
                            [
                                9.973807,
                                3.294281
                            ],
                            [
                                9.974353,
                                3.295074
                            ],
                            [
                                9.977345,
                                3.299498
                            ],
                            [
                                9.980865,
                                3.302859
                            ],
                            [
                                9.98371,
                                3.304639
                            ],
                            [
                                9.98715,
                                3.305537
                            ],
                            [
                                9.994094,
                                3.3083
                            ],
                            [
                                9.998803,
                                3.31115
                            ],
                            [
                                10.002329,
                                3.31329
                            ],
                            [
                                10.00623,
                                3.319012
                            ],
                            [
                                10.012052,
                                3.323328
                            ],
                            [
                                10.013928,
                                3.324754
                            ],
                            [
                                10.017664,
                                3.326921
                            ],
                            [
                                10.021646,
                                3.329021
                            ],
                            [
                                10.026345,
                                3.331673
                            ],
                            [
                                10.032277,
                                3.333247
                            ],
                            [
                                10.034976,
                                3.334354
                            ],
                            [
                                10.036543,
                                3.335917
                            ],
                            [
                                10.04233,
                                3.346229
                            ],
                            [
                                10.045763,
                                3.362166
                            ],
                            [
                                10.048485,
                                3.368808
                            ],
                            [
                                10.048896,
                                3.369756
                            ],
                            [
                                10.051943,
                                3.373305
                            ],
                            [
                                10.056749,
                                3.375704
                            ],
                            [
                                10.057951,
                                3.380845
                            ],
                            [
                                10.055891,
                                3.385985
                            ],
                            [
                                10.051108,
                                3.391583
                            ],
                            [
                                10.050913,
                                3.39285
                            ],
                            [
                                10.050913,
                                3.396267
                            ],
                            [
                                10.052319,
                                3.399074
                            ],
                            [
                                10.056011,
                                3.403048
                            ],
                            [
                                10.057264,
                                3.40415
                            ],
                            [
                                10.066534,
                                3.408776
                            ],
                            [
                                10.074774,
                                3.420771
                            ],
                            [
                                10.072371,
                                3.428654
                            ],
                            [
                                10.067564,
                                3.438249
                            ],
                            [
                                10.066877,
                                3.44716
                            ],
                            [
                                10.070311,
                                3.467207
                            ],
                            [
                                10.069624,
                                3.476974
                            ],
                            [
                                10.066793,
                                3.482258
                            ],
                            [
                                10.066125,
                                3.489271
                            ],
                            [
                                10.066191,
                                3.489996
                            ],
                            [
                                10.068937,
                                3.492567
                            ],
                            [
                                10.074924,
                                3.495449
                            ],
                            [
                                10.078975,
                                3.495218
                            ],
                            [
                                10.083529,
                                3.494623
                            ],
                            [
                                10.08473,
                                3.501648
                            ],
                            [
                                10.088163,
                                3.509015
                            ],
                            [
                                10.090567,
                                3.514155
                            ],
                            [
                                10.094515,
                                3.52118
                            ],
                            [
                                10.096918,
                                3.528205
                            ],
                            [
                                10.097534,
                                3.532304
                            ],
                            [
                                10.0978,
                                3.53263
                            ],
                            [
                                10.10786,
                                3.54624
                            ],
                            [
                                10.10842,
                                3.546024
                            ],
                            [
                                10.111338,
                                3.547223
                            ],
                            [
                                10.111509,
                                3.55065
                            ],
                            [
                                10.111423,
                                3.551061
                            ],
                            [
                                10.11602,
                                3.55728
                            ],
                            [
                                10.12088,
                                3.56385
                            ],
                            [
                                10.12493,
                                3.572355
                            ],
                            [
                                10.126871,
                                3.571747
                            ],
                            [
                                10.129361,
                                3.56994
                            ],
                            [
                                10.137812,
                                3.571672
                            ],
                            [
                                10.147168,
                                3.57378
                            ],
                            [
                                10.149431,
                                3.57235
                            ],
                            [
                                10.15245,
                                3.564593
                            ],
                            [
                                10.153883,
                                3.563765
                            ],
                            [
                                10.157505,
                                3.563539
                            ],
                            [
                                10.159089,
                                3.566702
                            ],
                            [
                                10.159391,
                                3.571822
                            ],
                            [
                                10.162409,
                                3.572877
                            ],
                            [
                                10.164522,
                                3.575362
                            ],
                            [
                                10.168446,
                                3.57732
                            ],
                            [
                                10.172445,
                                3.578751
                            ],
                            [
                                10.175077,
                                3.581223
                            ],
                            [
                                10.177652,
                                3.585677
                            ],
                            [
                                10.180553,
                                3.588461
                            ],
                            [
                                10.185493,
                                3.593279
                            ],
                            [
                                10.18733,
                                3.593589
                            ],
                            [
                                10.194286,
                                3.592231
                            ],
                            [
                                10.199109,
                                3.589104
                            ],
                            [
                                10.200637,
                                3.586748
                            ],
                            [
                                10.199779,
                                3.577668
                            ],
                            [
                                10.201341,
                                3.572828
                            ],
                            [
                                10.199779,
                                3.569787
                            ],
                            [
                                10.198062,
                                3.56379
                            ],
                            [
                                10.199796,
                                3.55758
                            ],
                            [
                                10.202354,
                                3.556603
                            ],
                            [
                                10.20613,
                                3.557117
                            ],
                            [
                                10.214542,
                                3.554376
                            ],
                            [
                                10.216602,
                                3.550092
                            ],
                            [
                                10.222112,
                                3.548156
                            ],
                            [
                                10.225528,
                                3.544267
                            ],
                            [
                                10.230352,
                                3.545072
                            ],
                            [
                                10.232395,
                                3.544267
                            ],
                            [
                                10.228961,
                                3.540669
                            ],
                            [
                                10.227073,
                                3.535015
                            ],
                            [
                                10.226386,
                                3.531246
                            ],
                            [
                                10.228961,
                                3.528333
                            ],
                            [
                                10.228978,
                                3.520229
                            ],
                            [
                                10.232023,
                                3.514153
                            ],
                            [
                                10.230801,
                                3.510637
                            ],
                            [
                                10.231016,
                                3.507316
                            ],
                            [
                                10.235738,
                                3.504584
                            ],
                            [
                                10.236543,
                                3.502495
                            ],
                            [
                                10.236007,
                                3.498317
                            ],
                            [
                                10.235738,
                                3.493336
                            ],
                            [
                                10.236382,
                                3.490176
                            ],
                            [
                                10.238046,
                                3.484605
                            ],
                            [
                                10.241427,
                                3.48032
                            ],
                            [
                                10.238573,
                                3.479295
                            ],
                            [
                                10.237207,
                                3.470507
                            ],
                            [
                                10.239176,
                                3.466199
                            ],
                            [
                                10.252234,
                                3.459144
                            ],
                            [
                                10.255355,
                                3.454691
                            ],
                            [
                                10.252142,
                                3.412216
                            ],
                            [
                                10.292624,
                                3.330507
                            ],
                            [
                                10.295098,
                                3.322279
                            ],
                            [
                                10.297944,
                                3.313541
                            ],
                            [
                                10.300668,
                                3.302888
                            ],
                            [
                                10.301017,
                                3.296905
                            ],
                            [
                                10.298987,
                                3.291763
                            ],
                            [
                                10.29993,
                                3.284582
                            ],
                            [
                                10.302422,
                                3.278596
                            ],
                            [
                                10.301466,
                                3.275367
                            ],
                            [
                                10.302891,
                                3.272373
                            ],
                            [
                                10.305743,
                                3.2689
                            ],
                            [
                                10.306333,
                                3.264591
                            ],
                            [
                                10.308828,
                                3.261238
                            ],
                            [
                                10.310251,
                                3.256689
                            ],
                            [
                                10.310366,
                                3.253339
                            ],
                            [
                                10.310241,
                                3.249031
                            ],
                            [
                                10.311784,
                                3.24544
                            ],
                            [
                                10.315354,
                                3.243999
                            ],
                            [
                                10.315946,
                                3.241605
                            ],
                            [
                                10.313204,
                                3.238498
                            ],
                            [
                                10.313079,
                                3.23443
                            ],
                            [
                                10.311881,
                                3.227731
                            ],
                            [
                                10.309016,
                                3.221512
                            ],
                            [
                                10.307939,
                                3.217446
                            ],
                            [
                                10.309121,
                                3.210863
                            ],
                            [
                                10.312557,
                                3.197817
                            ],
                            [
                                10.315996,
                                3.188001
                            ],
                            [
                                10.315992,
                                3.184531
                            ],
                            [
                                10.313725,
                                3.180346
                            ],
                            [
                                10.309069,
                                3.169822
                            ],
                            [
                                10.307874,
                                3.166234
                            ],
                            [
                                10.303461,
                                3.15918
                            ],
                            [
                                10.30108,
                                3.158944
                            ],
                            [
                                10.294886,
                                3.155242
                            ],
                            [
                                10.29119,
                                3.15082
                            ],
                            [
                                10.289042,
                                3.146275
                            ],
                            [
                                10.287489,
                                3.142089
                            ],
                            [
                                10.28903,
                                3.136703
                            ],
                            [
                                10.290453,
                                3.132394
                            ],
                            [
                                10.287356,
                                3.130244
                            ],
                            [
                                10.287592,
                                3.128688
                            ],
                            [
                                10.289131,
                                3.122225
                            ],
                            [
                                10.282109,
                                3.122233
                            ],
                            [
                                10.281272,
                                3.119363
                            ],
                            [
                                10.281984,
                                3.117447
                            ],
                            [
                                10.27686,
                                3.113385
                            ],
                            [
                                10.276883,
                                3.109195
                            ],
                            [
                                10.273395,
                                3.106787
                            ],
                            [
                                10.270481,
                                3.107368
                            ],
                            [
                                10.266535,
                                3.109746
                            ],
                            [
                                10.264678,
                                3.109128
                            ],
                            [
                                10.263918,
                                3.105534
                            ],
                            [
                                10.260963,
                                3.103544
                            ],
                            [
                                10.25918,
                                3.101512
                            ],
                            [
                                10.258106,
                                3.101759
                            ],
                            [
                                10.256378,
                                3.104192
                            ],
                            [
                                10.256103,
                                3.106472
                            ],
                            [
                                10.25422,
                                3.108292
                            ],
                            [
                                10.252597,
                                3.106613
                            ],
                            [
                                10.250419,
                                3.10739
                            ],
                            [
                                10.249249,
                                3.108815
                            ],
                            [
                                10.24868,
                                3.108187
                            ],
                            [
                                10.248979,
                                3.106061
                            ],
                            [
                                10.248673,
                                3.103025
                            ],
                            [
                                10.24988,
                                3.101505
                            ],
                            [
                                10.251087,
                                3.100289
                            ],
                            [
                                10.251085,
                                3.098771
                            ],
                            [
                                10.251386,
                                3.097556
                            ],
                            [
                                10.250177,
                                3.097254
                            ],
                            [
                                10.248666,
                                3.096648
                            ],
                            [
                                10.249269,
                                3.095737
                            ],
                            [
                                10.249569,
                                3.093611
                            ],
                            [
                                10.248661,
                                3.092701
                            ],
                            [
                                10.246545,
                                3.091185
                            ],
                            [
                                10.24624,
                                3.088453
                            ],
                            [
                                10.246237,
                                3.08572
                            ],
                            [
                                10.245329,
                                3.083899
                            ],
                            [
                                10.244721,
                                3.08056
                            ],
                            [
                                10.244416,
                                3.078435
                            ],
                            [
                                10.243809,
                                3.076007
                            ],
                            [
                                10.243504,
                                3.073274
                            ],
                            [
                                10.240784,
                                3.072063
                            ],
                            [
                                10.241083,
                                3.069633
                            ],
                            [
                                10.243194,
                                3.066291
                            ],
                            [
                                10.24168,
                                3.063256
                            ],
                            [
                                10.238958,
                                3.059919
                            ],
                            [
                                10.236257,
                                3.075408
                            ],
                            [
                                10.233238,
                                3.076323
                            ],
                            [
                                10.230217,
                                3.076022
                            ],
                            [
                                10.228102,
                                3.075418
                            ],
                            [
                                10.227192,
                                3.072382
                            ],
                            [
                                10.228397,
                                3.069648
                            ],
                            [
                                10.2293,
                                3.066307
                            ],
                            [
                                10.230807,
                                3.06418
                            ],
                            [
                                10.23141,
                                3.062965
                            ],
                            [
                                10.228989,
                                3.05902
                            ],
                            [
                                10.228382,
                                3.056288
                            ],
                            [
                                10.228681,
                                3.053555
                            ],
                            [
                                10.232908,
                                3.052335
                            ],
                            [
                                10.234416,
                                3.049905
                            ],
                            [
                                10.235316,
                                3.044438
                            ],
                            [
                                10.237416,
                                3.031986
                            ],
                            [
                                10.238011,
                                3.024091
                            ],
                            [
                                10.240416,
                                3.014675
                            ],
                            [
                                10.242224,
                                3.01103
                            ],
                            [
                                10.244026,
                                3.001615
                            ],
                            [
                                10.244623,
                                2.995238
                            ],
                            [
                                10.247031,
                                2.988251
                            ],
                            [
                                10.246419,
                                2.981572
                            ],
                            [
                                10.249132,
                                2.976407
                            ],
                            [
                                10.248524,
                                2.972764
                            ],
                            [
                                10.247918,
                                2.971246
                            ],
                            [
                                10.246707,
                                2.968515
                            ],
                            [
                                10.246704,
                                2.966389
                            ],
                            [
                                10.24308,
                                2.966394
                            ],
                            [
                                10.241263,
                                2.961841
                            ],
                            [
                                10.240854,
                                2.960595
                            ],
                            [
                                10.242736,
                                2.959938
                            ],
                            [
                                10.245591,
                                2.958619
                            ],
                            [
                                10.252141,
                                2.961962
                            ],
                            [
                                10.257262,
                                2.965426
                            ],
                            [
                                10.263456,
                                2.969367
                            ],
                            [
                                10.266431,
                                2.969484
                            ],
                            [
                                10.269882,
                                2.96924
                            ],
                            [
                                10.272744,
                                2.973784
                            ],
                            [
                                10.275783,
                                2.97749
                            ],
                            [
                                10.279952,
                                2.979758
                            ],
                            [
                                10.283401,
                                2.978318
                            ],
                            [
                                10.284228,
                                2.972933
                            ],
                            [
                                10.283511,
                                2.969823
                            ],
                            [
                                10.282435,
                                2.966235
                            ],
                            [
                                10.281953,
                                2.960851
                            ],
                            [
                                10.283735,
                                2.957857
                            ],
                            [
                                10.285875,
                                2.956299
                            ],
                            [
                                10.291467,
                                2.954617
                            ],
                            [
                                10.295155,
                                2.953536
                            ],
                            [
                                10.297532,
                                2.950781
                            ],
                            [
                                10.300268,
                                2.949223
                            ],
                            [
                                10.302409,
                                2.948143
                            ],
                            [
                                10.307648,
                                2.95053
                            ],
                            [
                                10.312293,
                                2.953755
                            ],
                            [
                                10.314794,
                                2.955188
                            ],
                            [
                                10.320571,
                                2.959249
                            ],
                            [
                                10.32665,
                                2.9669
                            ],
                            [
                                10.332964,
                                2.972516
                            ],
                            [
                                10.336301,
                                2.975862
                            ],
                            [
                                10.340585,
                                2.975737
                            ],
                            [
                                10.344514,
                                2.976929
                            ],
                            [
                                10.360052,
                                2.981935
                            ],
                            [
                                10.36791,
                                2.984677
                            ],
                            [
                                10.378031,
                                2.988613
                            ],
                            [
                                10.384821,
                                2.99363
                            ],
                            [
                                10.392265,
                                2.997569
                            ],
                            [
                                10.395124,
                                2.999719
                            ],
                            [
                                10.393343,
                                3.003072
                            ],
                            [
                                10.388225,
                                3.003198
                            ],
                            [
                                10.385131,
                                3.002963
                            ],
                            [
                                10.382751,
                                3.003683
                            ],
                            [
                                10.381325,
                                3.0056
                            ],
                            [
                                10.379426,
                                3.00967
                            ],
                            [
                                10.378239,
                                3.011945
                            ],
                            [
                                10.381099,
                                3.015172
                            ],
                            [
                                10.382888,
                                3.018161
                            ],
                            [
                                10.387534,
                                3.021625
                            ],
                            [
                                10.391821,
                                3.023294
                            ],
                            [
                                10.396229,
                                3.026519
                            ],
                            [
                                10.402893,
                                3.026271
                            ],
                            [
                                10.405631,
                                3.026507
                            ],
                            [
                                10.407834,
                                3.02782
                            ],
                            [
                                10.406291,
                                3.030694
                            ],
                            [
                                10.408199,
                                3.033443
                            ],
                            [
                                10.410578,
                                3.032244
                            ],
                            [
                                10.411646,
                                3.030089
                            ],
                            [
                                10.415809,
                                3.02781
                            ],
                            [
                                10.418544,
                                3.02637
                            ],
                            [
                                10.420326,
                                3.023616
                            ],
                            [
                                10.422705,
                                3.022776
                            ],
                            [
                                10.425559,
                                3.020977
                            ],
                            [
                                10.429129,
                                3.020254
                            ],
                            [
                                10.43246,
                                3.019772
                            ],
                            [
                                10.436863,
                                3.018928
                            ],
                            [
                                10.439838,
                                3.018924
                            ],
                            [
                                10.443288,
                                3.017604
                            ],
                            [
                                10.45489,
                                3.015913
                            ],
                            [
                                10.462031,
                                3.016502
                            ],
                            [
                                10.470003,
                                3.015653
                            ],
                            [
                                10.47619,
                                3.014089
                            ],
                            [
                                10.482735,
                                3.013363
                            ],
                            [
                                10.492315,
                                3.013349
                            ],
                            [
                                10.496838,
                                3.013583
                            ],
                            [
                                10.499934,
                                3.015014
                            ],
                            [
                                10.508502,
                                3.014643
                            ],
                            [
                                10.514454,
                                3.015712
                            ],
                            [
                                10.522551,
                                3.018691
                            ],
                            [
                                10.530351,
                                3.021791
                            ],
                            [
                                10.53595,
                                3.02621
                            ],
                            [
                                10.540832,
                                3.028237
                            ],
                            [
                                10.54321,
                                3.026319
                            ],
                            [
                                10.545347,
                                3.022966
                            ],
                            [
                                10.547009,
                                3.019733
                            ],
                            [
                                10.553436,
                                3.020442
                            ],
                            [
                                10.557006,
                                3.020437
                            ],
                            [
                                10.558793,
                                3.021631
                            ],
                            [
                                10.558919,
                                3.026057
                            ],
                            [
                                10.555825,
                                3.02678
                            ],
                            [
                                10.553331,
                                3.030133
                            ],
                            [
                                10.551196,
                                3.03552
                            ],
                            [
                                10.550605,
                                3.038392
                            ],
                            [
                                10.547036,
                                3.038876
                            ],
                            [
                                10.542869,
                                3.037566
                            ],
                            [
                                10.500619,
                                3.037267
                            ],
                            [
                                10.498718,
                                3.039303
                            ],
                            [
                                10.498653,
                                3.060807
                            ],
                            [
                                10.507738,
                                3.05893
                            ],
                            [
                                10.511382,
                                3.0572
                            ],
                            [
                                10.513231,
                                3.057901
                            ],
                            [
                                10.516492,
                                3.05653
                            ],
                            [
                                10.521985,
                                3.05653
                            ],
                            [
                                10.521493,
                                3.053357
                            ],
                            [
                                10.528337,
                                3.051216
                            ],
                            [
                                10.53581,
                                3.047236
                            ],
                            [
                                10.554834,
                                3.05878
                            ],
                            [
                                10.554415,
                                3.062657
                            ],
                            [
                                10.557607,
                                3.067
                            ],
                            [
                                10.56543,
                                3.073691
                            ],
                            [
                                10.574426,
                                3.07737
                            ],
                            [
                                10.582808,
                                3.080504
                            ],
                            [
                                10.83261,
                                3.214168
                            ],
                            [
                                10.842929,
                                3.325518
                            ],
                            [
                                10.841151,
                                3.329469
                            ],
                            [
                                10.841039,
                                3.332579
                            ],
                            [
                                10.83902,
                                3.335215
                            ],
                            [
                                10.838193,
                                3.338685
                            ],
                            [
                                10.839278,
                                3.345861
                            ],
                            [
                                10.8394,
                                3.347894
                            ],
                            [
                                10.846679,
                                3.357331
                            ],
                            [
                                10.848072,
                                3.357241
                            ],
                            [
                                10.851032,
                                3.361905
                            ],
                            [
                                10.852524,
                                3.364257
                            ],
                            [
                                10.855511,
                                3.370113
                            ],
                            [
                                10.856358,
                                3.377289
                            ],
                            [
                                10.855414,
                                3.381477
                            ],
                            [
                                10.85054,
                                3.384717
                            ],
                            [
                                10.848165,
                                3.38819
                            ],
                            [
                                10.847695,
                                3.390823
                            ],
                            [
                                10.84496,
                                3.392383
                            ],
                            [
                                10.844492,
                                3.396571
                            ],
                            [
                                10.846399,
                                3.398242
                            ],
                            [
                                10.849615,
                                3.399073
                            ],
                            [
                                10.851874,
                                3.397872
                            ],
                            [
                                10.854606,
                                3.394996
                            ],
                            [
                                10.857219,
                                3.391761
                            ],
                            [
                                10.861617,
                                3.388404
                            ],
                            [
                                10.865782,
                                3.388037
                            ],
                            [
                                10.869356,
                                3.389465
                            ],
                            [
                                10.871388,
                                3.393887
                            ],
                            [
                                10.875557,
                                3.395315
                            ],
                            [
                                10.87735,
                                3.399258
                            ],
                            [
                                10.881999,
                                3.402838
                            ],
                            [
                                10.88402,
                                3.401757
                            ],
                            [
                                10.885206,
                                3.399363
                            ],
                            [
                                10.88747,
                                3.400913
                            ],
                            [
                                10.889382,
                                3.404618
                            ],
                            [
                                10.890934,
                                3.406648
                            ],
                            [
                                10.895341,
                                3.408434
                            ],
                            [
                                10.899028,
                                3.406872
                            ],
                            [
                                10.954633,
                                3.415611
                            ],
                            [
                                10.967213,
                                3.397883
                            ],
                            [
                                10.962912,
                                3.389638
                            ],
                            [
                                10.960288,
                                3.386892
                            ],
                            [
                                10.958725,
                                3.37924
                            ],
                            [
                                10.979324,
                                3.383265
                            ],
                            [
                                10.986945,
                                3.384924
                            ],
                            [
                                10.990284,
                                3.388027
                            ],
                            [
                                10.991491,
                                3.396397
                            ],
                            [
                                10.996993,
                                3.409185
                            ],
                            [
                                11.00092,
                                3.413394
                            ],
                            [
                                11.002466,
                                3.412793
                            ],
                            [
                                11.006393,
                                3.412306
                            ],
                            [
                                11.009958,
                                3.409906
                            ],
                            [
                                11.013648,
                                3.409898
                            ],
                            [
                                11.016743,
                                3.410251
                            ],
                            [
                                11.01865,
                                3.411443
                            ],
                            [
                                11.023886,
                                3.410953
                            ],
                            [
                                11.032107,
                                3.414883
                            ],
                            [
                                11.038882,
                                3.410682
                            ],
                            [
                                11.051241,
                                3.401326
                            ],
                            [
                                11.057945,
                                3.39574
                            ],
                            [
                                11.061893,
                                3.396582
                            ],
                            [
                                11.065539,
                                3.397359
                            ],
                            [
                                11.068922,
                                3.397352
                            ],
                            [
                                11.074586,
                                3.399236
                            ],
                            [
                                11.077702,
                                3.40373
                            ],
                            [
                                11.078676,
                                3.404969
                            ],
                            [
                                11.082412,
                                3.405948
                            ],
                            [
                                11.084375,
                                3.405154
                            ],
                            [
                                11.089677,
                                3.403365
                            ],
                            [
                                11.092427,
                                3.402767
                            ],
                            [
                                11.096549,
                                3.400388
                            ],
                            [
                                11.100477,
                                3.399392
                            ],
                            [
                                11.103425,
                                3.399188
                            ],
                            [
                                11.107162,
                                3.40076
                            ],
                            [
                                11.109525,
                                3.403124
                            ],
                            [
                                11.111102,
                                3.405293
                            ],
                            [
                                11.114839,
                                3.406865
                            ],
                            [
                                11.118379,
                                3.407844
                            ],
                            [
                                11.120346,
                                3.40863
                            ],
                            [
                                11.122904,
                                3.410402
                            ],
                            [
                                11.124876,
                                3.413557
                            ],
                            [
                                11.126257,
                                3.415726
                            ],
                            [
                                11.128029,
                                3.417303
                            ],
                            [
                                11.129018,
                                3.420263
                            ],
                            [
                                11.130005,
                                3.422038
                            ],
                            [
                                11.129621,
                                3.426186
                            ],
                            [
                                11.129626,
                                3.428556
                            ],
                            [
                                11.130022,
                                3.430135
                            ],
                            [
                                11.130025,
                                3.431122
                            ],
                            [
                                11.131405,
                                3.433291
                            ],
                            [
                                11.132783,
                                3.434473
                            ],
                            [
                                11.135144,
                                3.435653
                            ],
                            [
                                11.136721,
                                3.437624
                            ],
                            [
                                11.139278,
                                3.438803
                            ],
                            [
                                11.140852,
                                3.439392
                            ],
                            [
                                11.143017,
                                3.440967
                            ],
                            [
                                11.145183,
                                3.442739
                            ],
                            [
                                11.147742,
                                3.444709
                            ],
                            [
                                11.152464,
                                3.447463
                            ],
                            [
                                11.155414,
                                3.448246
                            ],
                            [
                                11.160925,
                                3.451788
                            ],
                            [
                                11.166432,
                                3.45375
                            ],
                            [
                                11.168989,
                                3.454732
                            ],
                            [
                                11.17037,
                                3.457098
                            ],
                            [
                                11.174302,
                                3.458077
                            ],
                            [
                                11.177251,
                                3.458465
                            ],
                            [
                                11.179808,
                                3.459446
                            ],
                            [
                                11.183349,
                                3.461215
                            ],
                            [
                                11.186251,
                                3.463257
                            ],
                            [
                                11.19299,
                                3.46613
                            ],
                            [
                                11.196138,
                                3.467702
                            ],
                            [
                                11.198106,
                                3.46908
                            ],
                            [
                                11.200861,
                                3.470456
                            ],
                            [
                                11.20381,
                                3.471042
                            ],
                            [
                                11.207154,
                                3.472416
                            ],
                            [
                                11.20971,
                                3.473003
                            ],
                            [
                                11.214824,
                                3.474965
                            ],
                            [
                                11.217188,
                                3.477132
                            ],
                            [
                                11.220924,
                                3.478111
                            ],
                            [
                                11.222107,
                                3.479688
                            ],
                            [
                                11.222897,
                                3.48166
                            ],
                            [
                                11.225459,
                                3.484616
                            ],
                            [
                                11.227736,
                                3.485847
                            ],
                            [
                                11.228379,
                                3.489658
                            ],
                            [
                                11.229121,
                                3.491238
                            ],
                            [
                                11.231641,
                                3.491738
                            ],
                            [
                                11.235497,
                                3.491306
                            ],
                            [
                                11.237659,
                                3.491301
                            ],
                            [
                                11.239431,
                                3.492877
                            ],
                            [
                                11.240614,
                                3.494454
                            ],
                            [
                                11.240617,
                                3.495441
                            ],
                            [
                                11.239049,
                                3.49742
                            ],
                            [
                                11.238855,
                                3.498605
                            ],
                            [
                                11.237878,
                                3.500779
                            ],
                            [
                                11.237881,
                                3.501964
                            ],
                            [
                                11.238275,
                                3.502556
                            ],
                            [
                                11.240632,
                                3.501958
                            ],
                            [
                                11.241218,
                                3.500376
                            ],
                            [
                                11.244361,
                                3.499974
                            ],
                            [
                                11.247114,
                                3.500362
                            ],
                            [
                                11.250263,
                                3.50233
                            ],
                            [
                                11.25145,
                                3.505684
                            ],
                            [
                                11.252438,
                                3.508248
                            ],
                            [
                                11.25225,
                                3.511803
                            ],
                            [
                                11.252061,
                                3.514766
                            ],
                            [
                                11.252069,
                                3.518123
                            ],
                            [
                                11.251485,
                                3.520296
                            ],
                            [
                                11.251492,
                                3.523456
                            ],
                            [
                                11.253265,
                                3.525426
                            ],
                            [
                                11.255825,
                                3.527394
                            ],
                            [
                                11.256903,
                                3.528607
                            ],
                            [
                                11.257402,
                                3.529168
                            ],
                            [
                                11.257801,
                                3.531734
                            ],
                            [
                                11.258003,
                                3.534301
                            ],
                            [
                                11.254273,
                                3.535495
                            ],
                            [
                                11.251127,
                                3.53491
                            ],
                            [
                                11.249161,
                                3.534717
                            ],
                            [
                                11.247783,
                                3.533733
                            ],
                            [
                                11.245814,
                                3.532356
                            ],
                            [
                                11.243458,
                                3.533151
                            ],
                            [
                                11.239139,
                                3.535136
                            ],
                            [
                                11.239928,
                                3.536122
                            ],
                            [
                                11.241307,
                                3.537698
                            ],
                            [
                                11.242883,
                                3.539274
                            ],
                            [
                                11.243281,
                                3.541248
                            ],
                            [
                                11.242892,
                                3.543026
                            ],
                            [
                                11.243682,
                                3.544604
                            ],
                            [
                                11.243882,
                                3.545986
                            ],
                            [
                                11.243494,
                                3.548159
                            ],
                            [
                                11.243889,
                                3.549145
                            ],
                            [
                                11.241356,
                                3.558235
                            ],
                            [
                                11.241752,
                                3.559419
                            ],
                            [
                                11.240779,
                                3.563371
                            ],
                            [
                                11.240982,
                                3.565937
                            ],
                            [
                                11.241182,
                                3.567517
                            ],
                            [
                                11.242366,
                                3.569291
                            ],
                            [
                                11.242765,
                                3.571857
                            ],
                            [
                                11.242177,
                                3.572648
                            ],
                            [
                                11.241001,
                                3.573836
                            ],
                            [
                                11.239235,
                                3.575025
                            ],
                            [
                                11.237273,
                                3.576215
                            ],
                            [
                                11.237089,
                                3.581547
                            ],
                            [
                                11.238077,
                                3.583519
                            ],
                            [
                                11.239849,
                                3.585095
                            ],
                            [
                                11.241427,
                                3.587461
                            ],
                            [
                                11.239272,
                                3.590033
                            ],
                            [
                                11.238686,
                                3.591812
                            ],
                            [
                                11.238888,
                                3.593786
                            ],
                            [
                                11.239873,
                                3.594771
                            ],
                            [
                                11.241848,
                                3.598913
                            ],
                            [
                                11.242243,
                                3.599504
                            ],
                            [
                                11.242834,
                                3.600095
                            ],
                            [
                                11.239898,
                                3.605237
                            ],
                            [
                                11.237939,
                                3.607809
                            ],
                            [
                                11.236958,
                                3.608403
                            ],
                            [
                                11.235585,
                                3.609394
                            ],
                            [
                                11.233621,
                                3.609991
                            ],
                            [
                                11.233033,
                                3.610783
                            ],
                            [
                                11.231265,
                                3.611379
                            ],
                            [
                                11.221657,
                                3.620487
                            ],
                            [
                                11.227557,
                                3.621657
                            ],
                            [
                                11.229716,
                                3.620665
                            ],
                            [
                                11.230893,
                                3.619872
                            ],
                            [
                                11.235212,
                                3.617886
                            ],
                            [
                                11.236782,
                                3.616698
                            ],
                            [
                                11.238727,
                                3.61687
                            ],
                            [
                                11.238944,
                                3.61689
                            ],
                            [
                                11.240915,
                                3.61886
                            ],
                            [
                                11.242882,
                                3.619447
                            ],
                            [
                                11.244455,
                                3.619838
                            ],
                            [
                                11.247405,
                                3.620621
                            ],
                            [
                                11.24898,
                                3.621407
                            ],
                            [
                                11.249571,
                                3.622393
                            ],
                            [
                                11.25233,
                                3.625348
                            ],
                            [
                                11.253516,
                                3.627912
                            ],
                            [
                                11.253913,
                                3.629491
                            ],
                            [
                                11.253529,
                                3.633046
                            ],
                            [
                                11.253141,
                                3.635219
                            ],
                            [
                                11.251574,
                                3.637395
                            ],
                            [
                                11.251384,
                                3.639963
                            ],
                            [
                                11.251191,
                                3.641543
                            ],
                            [
                                11.250999,
                                3.643321
                            ],
                            [
                                11.251597,
                                3.646874
                            ],
                            [
                                11.252584,
                                3.648451
                            ],
                            [
                                11.253374,
                                3.649634
                            ],
                            [
                                11.253571,
                                3.650226
                            ],
                            [
                                11.253575,
                                3.651805
                            ],
                            [
                                11.253975,
                                3.654371
                            ],
                            [
                                11.254962,
                                3.656146
                            ],
                            [
                                11.255161,
                                3.65733
                            ],
                            [
                                11.25497,
                                3.659306
                            ],
                            [
                                11.254582,
                                3.661281
                            ],
                            [
                                11.254193,
                                3.663059
                            ],
                            [
                                11.253018,
                                3.66484
                            ],
                            [
                                11.251453,
                                3.667806
                            ],
                            [
                                11.250868,
                                3.669584
                            ],
                            [
                                11.250678,
                                3.672152
                            ],
                            [
                                11.249504,
                                3.67413
                            ],
                            [
                                11.248918,
                                3.675908
                            ],
                            [
                                11.248136,
                                3.677293
                            ],
                            [
                                11.247744,
                                3.677886
                            ],
                            [
                                11.243224,
                                3.678292
                            ],
                            [
                                11.242437,
                                3.677899
                            ],
                            [
                                11.241259,
                                3.678495
                            ],
                            [
                                11.238325,
                                3.684031
                            ],
                            [
                                11.238328,
                                3.685414
                            ],
                            [
                                11.239122,
                                3.688571
                            ],
                            [
                                11.240116,
                                3.69311
                            ],
                            [
                                11.24071,
                                3.694886
                            ],
                            [
                                11.241071,
                                3.696049
                            ],
                            [
                                11.241267,
                                3.698951
                            ],
                            [
                                11.241317,
                                3.701796
                            ],
                            [
                                11.241915,
                                3.704757
                            ],
                            [
                                11.242115,
                                3.706336
                            ],
                            [
                                11.243691,
                                3.707912
                            ],
                            [
                                11.24448,
                                3.708897
                            ],
                            [
                                11.245075,
                                3.710673
                            ],
                            [
                                11.246847,
                                3.71205
                            ],
                            [
                                11.247636,
                                3.712838
                            ],
                            [
                                11.246853,
                                3.714617
                            ],
                            [
                                11.245874,
                                3.716002
                            ],
                            [
                                11.243715,
                                3.71739
                            ],
                            [
                                11.241949,
                                3.718184
                            ],
                            [
                                11.239942,
                                3.720893
                            ],
                            [
                                11.242478,
                                3.722961
                            ],
                            [
                                11.240439,
                                3.72709
                            ],
                            [
                                11.234222,
                                3.733891
                            ],
                            [
                                11.230594,
                                3.737553
                            ],
                            [
                                11.221238,
                                3.736273
                            ],
                            [
                                11.214996,
                                3.733157
                            ],
                            [
                                11.210302,
                                3.726122
                            ],
                            [
                                11.198079,
                                3.720412
                            ],
                            [
                                11.196256,
                                3.71885
                            ],
                            [
                                11.18665,
                                3.721223
                            ],
                            [
                                11.179382,
                                3.72359
                            ],
                            [
                                11.174449,
                                3.724907
                            ],
                            [
                                11.16717,
                                3.723098
                            ],
                            [
                                11.163013,
                                3.722847
                            ],
                            [
                                11.159514,
                                3.725727
                            ],
                            [
                                11.157178,
                                3.726777
                            ],
                            [
                                11.154834,
                                3.724433
                            ],
                            [
                                11.152228,
                                3.721047
                            ],
                            [
                                11.149106,
                                3.719228
                            ],
                            [
                                11.145212,
                                3.720281
                            ],
                            [
                                11.141582,
                                3.723422
                            ],
                            [
                                11.136393,
                                3.726306
                            ],
                            [
                                11.129385,
                                3.728671
                            ],
                            [
                                11.124195,
                                3.731294
                            ],
                            [
                                11.117962,
                                3.732092
                            ],
                            [
                                11.115099,
                                3.730011
                            ],
                            [
                                11.113528,
                                3.725056
                            ],
                            [
                                11.112218,
                                3.720361
                            ],
                            [
                                11.108052,
                                3.716195
                            ],
                            [
                                11.101818,
                                3.716993
                            ],
                            [
                                11.098179,
                                3.715958
                            ],
                            [
                                11.08922,
                                3.717545
                            ],
                            [
                                11.084535,
                                3.714163
                            ],
                            [
                                11.078816,
                                3.712872
                            ],
                            [
                                11.073616,
                                3.711057
                            ],
                            [
                                11.071019,
                                3.711325
                            ],
                            [
                                11.066864,
                                3.712117
                            ],
                            [
                                11.063486,
                                3.712125
                            ],
                            [
                                11.058556,
                                3.714486
                            ],
                            [
                                11.053884,
                                3.716323
                            ],
                            [
                                11.049469,
                                3.717117
                            ],
                            [
                                11.045308,
                                3.7153
                            ],
                            [
                                11.040625,
                                3.712701
                            ],
                            [
                                11.035946,
                                3.711667
                            ],
                            [
                                11.025188,
                                3.722132
                            ],
                            [
                                11.022862,
                                3.727358
                            ],
                            [
                                11.018717,
                                3.732587
                            ],
                            [
                                11.012487,
                                3.735212
                            ],
                            [
                                11.005996,
                                3.736793
                            ],
                            [
                                11.00106,
                                3.737065
                            ],
                            [
                                10.99534,
                                3.735773
                            ],
                            [
                                10.989885,
                                3.735785
                            ],
                            [
                                10.988587,
                                3.736832
                            ],
                            [
                                10.989632,
                                3.738918
                            ],
                            [
                                10.988078,
                                3.74101
                            ],
                            [
                                10.987564,
                                3.743621
                            ],
                            [
                                10.992245,
                                3.745437
                            ],
                            [
                                10.990169,
                                3.746747
                            ],
                            [
                                10.990173,
                                3.748574
                            ],
                            [
                                10.988884,
                                3.753014
                            ],
                            [
                                10.984983,
                                3.751196
                            ],
                            [
                                10.980831,
                                3.753816
                            ],
                            [
                                10.979799,
                                3.75695
                            ],
                            [
                                10.980331,
                                3.76243
                            ],
                            [
                                10.976702,
                                3.766353
                            ],
                            [
                                10.972021,
                                3.764276
                            ],
                            [
                                10.965522,
                                3.762725
                            ],
                            [
                                10.961101,
                                3.761168
                            ],
                            [
                                10.951357,
                                3.76119
                            ],
                            [
                                10.945645,
                                3.76303
                            ],
                            [
                                10.940716,
                                3.766435
                            ],
                            [
                                10.932311,
                                3.767512
                            ],
                            [
                                10.932685,
                                3.770705
                            ],
                            [
                                10.934282,
                                3.773896
                            ],
                            [
                                10.935145,
                                3.777088
                            ],
                            [
                                10.937724,
                                3.78175
                            ],
                            [
                                10.93932,
                                3.784327
                            ],
                            [
                                10.941521,
                                3.784322
                            ],
                            [
                                10.946171,
                                3.785294
                            ],
                            [
                                10.949845,
                                3.787743
                            ],
                            [
                                10.952302,
                                3.792406
                            ],
                            [
                                10.954027,
                                3.798176
                            ],
                            [
                                10.953788,
                                3.801125
                            ],
                            [
                                10.952935,
                                3.80211
                            ],
                            [
                                10.949633,
                                3.802486
                            ],
                            [
                                10.948662,
                                3.805559
                            ],
                            [
                                10.947204,
                                3.809862
                            ],
                            [
                                10.945749,
                                3.81564
                            ],
                            [
                                10.94356,
                                3.820928
                            ],
                            [
                                10.942342,
                                3.82351
                            ],
                            [
                                10.942717,
                                3.826949
                            ],
                            [
                                10.941504,
                                3.831375
                            ],
                            [
                                10.94152,
                                3.838377
                            ],
                            [
                                10.939449,
                                3.841945
                            ],
                            [
                                10.93946,
                                3.846859
                            ],
                            [
                                10.941794,
                                3.851276
                            ],
                            [
                                10.944493,
                                3.855201
                            ],
                            [
                                10.950125,
                                3.8574
                            ],
                            [
                                10.954404,
                                3.856899
                            ],
                            [
                                10.959791,
                                3.858852
                            ],
                            [
                                10.965665,
                                3.860312
                            ],
                            [
                                10.967996,
                                3.863501
                            ],
                            [
                                10.973258,
                                3.86484
                            ],
                            [
                                10.978033,
                                3.866549
                            ],
                            [
                                10.980736,
                                3.872317
                            ],
                            [
                                10.985026,
                                3.875869
                            ],
                            [
                                10.986376,
                                3.877709
                            ],
                            [
                                10.984063,
                                3.882751
                            ],
                            [
                                10.981993,
                                3.88681
                            ],
                            [
                                10.982125,
                                3.890618
                            ],
                            [
                                10.987756,
                                3.89257
                            ],
                            [
                                10.988008,
                                3.895886
                            ],
                            [
                                10.991682,
                                3.89772
                            ],
                            [
                                10.992304,
                                3.902019
                            ],
                            [
                                10.993788,
                                3.90914
                            ],
                            [
                                10.996118,
                                3.911592
                            ],
                            [
                                11.006273,
                                3.912673
                            ],
                            [
                                11.009826,
                                3.915367
                            ],
                            [
                                11.014858,
                                3.922235
                            ],
                            [
                                11.018045,
                                3.925175
                            ],
                            [
                                11.021344,
                                3.923939
                            ],
                            [
                                11.022451,
                                3.921942
                            ],
                            [
                                11.02442,
                                3.922727
                            ],
                            [
                                11.025995,
                                3.923513
                            ],
                            [
                                11.028359,
                                3.925285
                            ],
                            [
                                11.029932,
                                3.925281
                            ],
                            [
                                11.030325,
                                3.92528
                            ],
                            [
                                11.030718,
                                3.925279
                            ],
                            [
                                11.034061,
                                3.925468
                            ],
                            [
                                11.036421,
                                3.92566
                            ],
                            [
                                11.036582,
                                3.925737
                            ],
                            [
                                11.039571,
                                3.927035
                            ],
                            [
                                11.042325,
                                3.927621
                            ],
                            [
                                11.044092,
                                3.926234
                            ],
                            [
                                11.045272,
                                3.926231
                            ],
                            [
                                11.047244,
                                3.928794
                            ],
                            [
                                11.049412,
                                3.930368
                            ],
                            [
                                11.053154,
                                3.932927
                            ],
                            [
                                11.055124,
                                3.934502
                            ],
                            [
                                11.057488,
                                3.936273
                            ],
                            [
                                11.058471,
                                3.936271
                            ],
                            [
                                11.059059,
                                3.935282
                            ],
                            [
                                11.060237,
                                3.934686
                            ],
                            [
                                11.061218,
                                3.933697
                            ],
                            [
                                11.062199,
                                3.933102
                            ],
                            [
                                11.063773,
                                3.933295
                            ],
                            [
                                11.066918,
                                3.932892
                            ],
                            [
                                11.068885,
                                3.932888
                            ],
                            [
                                11.070064,
                                3.932687
                            ],
                            [
                                11.071833,
                                3.932485
                            ],
                            [
                                11.072812,
                                3.930705
                            ],
                            [
                                11.075568,
                                3.931883
                            ],
                            [
                                11.075961,
                                3.93208
                            ],
                            [
                                11.079894,
                                3.931873
                            ],
                            [
                                11.081082,
                                3.935029
                            ],
                            [
                                11.081087,
                                3.937202
                            ],
                            [
                                11.080897,
                                3.93977
                            ],
                            [
                                11.081687,
                                3.94115
                            ],
                            [
                                11.083065,
                                3.941739
                            ],
                            [
                                11.084246,
                                3.942131
                            ],
                            [
                                11.086607,
                                3.942915
                            ],
                            [
                                11.089952,
                                3.943697
                            ],
                            [
                                11.092314,
                                3.944678
                            ],
                            [
                                11.095461,
                                3.945065
                            ],
                            [
                                11.097429,
                                3.945653
                            ],
                            [
                                11.100773,
                                3.946039
                            ],
                            [
                                11.113219,
                                3.949484
                            ],
                            [
                                11.125046,
                                3.952989
                            ],
                            [
                                11.129454,
                                3.955724
                            ],
                            [
                                11.135478,
                                3.951352
                            ],
                            [
                                11.141316,
                                3.947928
                            ],
                            [
                                11.146405,
                                3.946778
                            ],
                            [
                                11.152251,
                                3.946763
                            ],
                            [
                                11.159191,
                                3.946556
                            ],
                            [
                                11.165411,
                                3.945024
                            ],
                            [
                                11.171624,
                                3.94122
                            ],
                            [
                                11.17897,
                                3.937791
                            ],
                            [
                                11.182172,
                                3.935889
                            ],
                            [
                                11.184061,
                                3.937399
                            ],
                            [
                                11.187267,
                                3.937391
                            ],
                            [
                                11.18858,
                                3.934546
                            ],
                            [
                                11.190273,
                                3.932837
                            ],
                            [
                                11.195921,
                                3.929413
                            ],
                            [
                                11.201386,
                                3.927694
                            ],
                            [
                                11.203279,
                                3.927163
                            ],
                            [
                                11.205185,
                                3.927397
                            ],
                            [
                                11.207095,
                                3.929305
                            ],
                            [
                                11.208768,
                                3.931573
                            ],
                            [
                                11.209011,
                                3.933366
                            ],
                            [
                                11.209016,
                                3.93516
                            ],
                            [
                                11.208188,
                                3.937554
                            ],
                            [
                                11.207957,
                                3.940186
                            ],
                            [
                                11.2088,
                                3.943771
                            ],
                            [
                                11.208806,
                                3.945924
                            ],
                            [
                                11.208335,
                                3.948198
                            ],
                            [
                                11.208342,
                                3.950709
                            ],
                            [
                                11.208467,
                                3.952742
                            ],
                            [
                                11.210494,
                                3.953933
                            ],
                            [
                                11.211695,
                                3.957637
                            ],
                            [
                                11.210988,
                                3.960509
                            ],
                            [
                                11.21052,
                                3.96362
                            ],
                            [
                                11.20981,
                                3.965296
                            ],
                            [
                                11.208742,
                                3.966614
                            ],
                            [
                                11.207555,
                                3.968411
                            ],
                            [
                                11.206728,
                                3.970686
                            ],
                            [
                                11.205424,
                                3.972842
                            ],
                            [
                                11.204839,
                                3.97679
                            ],
                            [
                                11.204606,
                                3.978824
                            ],
                            [
                                11.204372,
                                3.980499
                            ],
                            [
                                11.203303,
                                3.981459
                            ],
                            [
                                11.202112,
                                3.981342
                            ],
                            [
                                11.200919,
                                3.980389
                            ],
                            [
                                11.199963,
                                3.979075
                            ],
                            [
                                11.197704,
                                3.980756
                            ],
                            [
                                11.19771,
                                3.982789
                            ],
                            [
                                11.197601,
                                3.986616
                            ],
                            [
                                11.198082,
                                3.988648
                            ],
                            [
                                11.197016,
                                3.990564
                            ],
                            [
                                11.197261,
                                3.993434
                            ],
                            [
                                11.197266,
                                3.994989
                            ],
                            [
                                11.197271,
                                3.997141
                            ],
                            [
                                11.195968,
                                3.999537
                            ],
                            [
                                11.193882,
                                4.001908
                            ],
                            [
                                11.191855,
                                4.007726
                            ],
                            [
                                11.190694,
                                4.00888
                            ],
                            [
                                11.189474,
                                4.008758
                            ],
                            [
                                11.187259,
                                4.007738
                            ],
                            [
                                11.185382,
                                4.006034
                            ],
                            [
                                11.18197,
                                4.003137
                            ],
                            [
                                11.178904,
                                4.002119
                            ],
                            [
                                11.177375,
                                4.003491
                            ],
                            [
                                11.177042,
                                4.006398
                            ],
                            [
                                11.177561,
                                4.009473
                            ],
                            [
                                11.178076,
                                4.01101
                            ],
                            [
                                11.177057,
                                4.011868
                            ],
                            [
                                11.17638,
                                4.013408
                            ],
                            [
                                11.174849,
                                4.013754
                            ],
                            [
                                11.17366,
                                4.014783
                            ],
                            [
                                11.172986,
                                4.017349
                            ],
                            [
                                11.172652,
                                4.019743
                            ],
                            [
                                11.172313,
                                4.020428
                            ],
                            [
                                11.170781,
                                4.020261
                            ],
                            [
                                11.169079,
                                4.020607
                            ],
                            [
                                11.168743,
                                4.022317
                            ],
                            [
                                11.168406,
                                4.023344
                            ],
                            [
                                11.166875,
                                4.023861
                            ],
                            [
                                11.163985,
                                4.025407
                            ],
                            [
                                11.1616,
                                4.024559
                            ],
                            [
                                11.159728,
                                4.024735
                            ],
                            [
                                11.157179,
                                4.026451
                            ],
                            [
                                11.156337,
                                4.029701
                            ],
                            [
                                11.155837,
                                4.033805
                            ],
                            [
                                11.15516,
                                4.035346
                            ],
                            [
                                11.153461,
                                4.036376
                            ],
                            [
                                11.152102,
                                4.037747
                            ],
                            [
                                11.151258,
                                4.040313
                            ],
                            [
                                11.15092,
                                4.04134
                            ],
                            [
                                11.147012,
                                4.044256
                            ],
                            [
                                11.145147,
                                4.047167
                            ],
                            [
                                11.144469,
                                4.048024
                            ],
                            [
                                11.142937,
                                4.048028
                            ],
                            [
                                11.140895,
                                4.048375
                            ],
                            [
                                11.139195,
                                4.049234
                            ],
                            [
                                11.137664,
                                4.049922
                            ],
                            [
                                11.13596,
                                4.049243
                            ],
                            [
                                11.135445,
                                4.047364
                            ],
                            [
                                11.135431,
                                4.042236
                            ],
                            [
                                11.135418,
                                4.037107
                            ],
                            [
                                11.135409,
                                4.033859
                            ],
                            [
                                11.134044,
                                4.032324
                            ],
                            [
                                11.125015,
                                4.029955
                            ],
                            [
                                11.122461,
                                4.02979
                            ],
                            [
                                11.120588,
                                4.029454
                            ],
                            [
                                11.11701,
                                4.028266
                            ],
                            [
                                11.113604,
                                4.027762
                            ],
                            [
                                11.111734,
                                4.028622
                            ],
                            [
                                11.111569,
                                4.030503
                            ],
                            [
                                11.112944,
                                4.035799
                            ],
                            [
                                11.114997,
                                4.039896
                            ],
                            [
                                11.115,
                                4.040921
                            ],
                            [
                                11.114835,
                                4.042973
                            ],
                            [
                                11.115356,
                                4.046733
                            ],
                            [
                                11.118264,
                                4.052366
                            ],
                            [
                                11.120484,
                                4.054754
                            ],
                            [
                                11.122869,
                                4.055602
                            ],
                            [
                                11.125252,
                                4.055596
                            ],
                            [
                                11.128997,
                                4.055244
                            ],
                            [
                                11.131381,
                                4.05558
                            ],
                            [
                                11.134107,
                                4.056598
                            ],
                            [
                                11.137683,
                                4.057102
                            ],
                            [
                                11.140751,
                                4.05829
                            ],
                            [
                                11.142286,
                                4.059654
                            ],
                            [
                                11.143659,
                                4.063753
                            ],
                            [
                                11.14493,
                                4.069
                            ],
                            [
                                11.142929,
                                4.072176
                            ],
                            [
                                11.142868,
                                4.076068
                            ],
                            [
                                11.141002,
                                4.076362
                            ],
                            [
                                11.137996,
                                4.079541
                            ],
                            [
                                11.137574,
                                4.082857
                            ],
                            [
                                11.140026,
                                4.087031
                            ],
                            [
                                11.139894,
                                4.091355
                            ],
                            [
                                11.141195,
                                4.094955
                            ],
                            [
                                11.142778,
                                4.096392
                            ],
                            [
                                11.144218,
                                4.097974
                            ],
                            [
                                11.143217,
                                4.099418
                            ],
                            [
                                11.14193,
                                4.101296
                            ],
                            [
                                11.139352,
                                4.103753
                            ],
                            [
                                11.137496,
                                4.107217
                            ],
                            [
                                11.135637,
                                4.110105
                            ],
                            [
                                11.136004,
                                4.113275
                            ],
                            [
                                11.135577,
                                4.11443
                            ],
                            [
                                11.129697,
                                4.116463
                            ],
                            [
                                11.12827,
                                4.119927
                            ],
                            [
                                11.126123,
                                4.122095
                            ],
                            [
                                11.12383,
                                4.123398
                            ],
                            [
                                11.121248,
                                4.12427
                            ],
                            [
                                11.117518,
                                4.125433
                            ],
                            [
                                11.116236,
                                4.12904
                            ],
                            [
                                11.116386,
                                4.131634
                            ],
                            [
                                11.111517,
                                4.135972
                            ],
                            [
                                11.109082,
                                4.13814
                            ],
                            [
                                11.104644,
                                4.142909
                            ],
                            [
                                11.104795,
                                4.145791
                            ],
                            [
                                11.106096,
                                4.149103
                            ],
                            [
                                11.107254,
                                4.152559
                            ],
                            [
                                11.107837,
                                4.156017
                            ],
                            [
                                11.106988,
                                4.160777
                            ],
                            [
                                11.101116,
                                4.165837
                            ],
                            [
                                11.093943,
                                4.167875
                            ],
                            [
                                11.091938,
                                4.169609
                            ],
                            [
                                11.089923,
                                4.167885
                            ],
                            [
                                11.088338,
                                4.165583
                            ],
                            [
                                11.085033,
                                4.164295
                            ],
                            [
                                11.080585,
                                4.165459
                            ],
                            [
                                11.078437,
                                4.167483
                            ],
                            [
                                11.076721,
                                4.170082
                            ],
                            [
                                11.076596,
                                4.171732
                            ],
                            [
                                11.08054,
                                4.17331
                            ],
                            [
                                11.09143,
                                4.17175
                            ],
                            [
                                11.0943,
                                4.19106
                            ],
                            [
                                11.09411,
                                4.22081
                            ],
                            [
                                11.07918,
                                4.23575
                            ],
                            [
                                11.066595,
                                4.240779
                            ],
                            [
                                11.066577,
                                4.240857
                            ],
                            [
                                11.065953,
                                4.241456
                            ],
                            [
                                11.065776,
                                4.242145
                            ],
                            [
                                11.065569,
                                4.242594
                            ],
                            [
                                11.065273,
                                4.243282
                            ],
                            [
                                11.064738,
                                4.243672
                            ],
                            [
                                11.063962,
                                4.243256
                            ],
                            [
                                11.063724,
                                4.243167
                            ],
                            [
                                11.063218,
                                4.243288
                            ],
                            [
                                11.06298,
                                4.243647
                            ],
                            [
                                11.062982,
                                4.244215
                            ],
                            [
                                11.062626,
                                4.244844
                            ],
                            [
                                11.06224,
                                4.245144
                            ],
                            [
                                11.061496,
                                4.245565
                            ],
                            [
                                11.061199,
                                4.245805
                            ],
                            [
                                11.060871,
                                4.245626
                            ],
                            [
                                11.060661,
                                4.245298
                            ],
                            [
                                11.060453,
                                4.245149
                            ],
                            [
                                11.060214,
                                4.24497
                            ],
                            [
                                11.060066,
                                4.2453
                            ],
                            [
                                11.060067,
                                4.245868
                            ],
                            [
                                11.059741,
                                4.246317
                            ],
                            [
                                11.059533,
                                4.246587
                            ],
                            [
                                11.059462,
                                4.246562
                            ],
                            [
                                11.059026,
                                4.246409
                            ],
                            [
                                11.058638,
                                4.245842
                            ],
                            [
                                11.05822,
                                4.245574
                            ],
                            [
                                11.057623,
                                4.245216
                            ],
                            [
                                11.056908,
                                4.244859
                            ],
                            [
                                11.056635,
                                4.24476
                            ],
                            [
                                11.05397,
                                4.245825
                            ],
                            [
                                11.053754,
                                4.246333
                            ],
                            [
                                11.053161,
                                4.247172
                            ],
                            [
                                11.052984,
                                4.24792
                            ],
                            [
                                11.052419,
                                4.24831
                            ],
                            [
                                11.051765,
                                4.248611
                            ],
                            [
                                11.050962,
                                4.248942
                            ],
                            [
                                11.050277,
                                4.249303
                            ],
                            [
                                11.050039,
                                4.249124
                            ],
                            [
                                11.04971,
                                4.248616
                            ],
                            [
                                11.049589,
                                4.2484
                            ],
                            [
                                11.04049,
                                4.25511
                            ],
                            [
                                11.039436,
                                4.259217
                            ],
                            [
                                11.039791,
                                4.25969
                            ],
                            [
                                11.040538,
                                4.260829
                            ],
                            [
                                11.040457,
                                4.261611
                            ],
                            [
                                11.040651,
                                4.262482
                            ],
                            [
                                11.040901,
                                4.264133
                            ],
                            [
                                11.040878,
                                4.265879
                            ],
                            [
                                11.040846,
                                4.266936
                            ],
                            [
                                11.040857,
                                4.267809
                            ],
                            [
                                11.040731,
                                4.268684
                            ],
                            [
                                11.03997,
                                4.269934
                            ],
                            [
                                11.038783,
                                4.270087
                            ],
                            [
                                11.037572,
                                4.268449
                            ],
                            [
                                11.037168,
                                4.268054
                            ],
                            [
                                11.0371,
                                4.26832
                            ],
                            [
                                11.027087,
                                4.278333
                            ],
                            [
                                11.027086,
                                4.27837
                            ],
                            [
                                11.026364,
                                4.27916
                            ],
                            [
                                11.026245,
                                4.279175
                            ],
                            [
                                11.02522,
                                4.2802
                            ],
                            [
                                11.0181,
                                4.28733
                            ],
                            [
                                11.016936,
                                4.291229
                            ],
                            [
                                11.01696,
                                4.291366
                            ],
                            [
                                11.017201,
                                4.292327
                            ],
                            [
                                11.017441,
                                4.293197
                            ],
                            [
                                11.017689,
                                4.29471
                            ],
                            [
                                11.017656,
                                4.295676
                            ],
                            [
                                11.01708,
                                4.297107
                            ],
                            [
                                11.016361,
                                4.298128
                            ],
                            [
                                11.015822,
                                4.29887
                            ],
                            [
                                11.015196,
                                4.300026
                            ],
                            [
                                11.014254,
                                4.301108
                            ],
                            [
                                11.013928,
                                4.302163
                            ],
                            [
                                11.012468,
                                4.304932
                            ],
                            [
                                11.011639,
                                4.304483
                            ],
                            [
                                11.010222,
                                4.304547
                            ],
                            [
                                11.010021,
                                4.304376
                            ],
                            [
                                10.99225,
                                4.31811
                            ],
                            [
                                10.986209,
                                4.325574
                            ],
                            [
                                10.986209,
                                4.32565
                            ],
                            [
                                10.986209,
                                4.326045
                            ],
                            [
                                10.985488,
                                4.326522
                            ],
                            [
                                10.985379,
                                4.326599
                            ],
                            [
                                10.97552,
                                4.33878
                            ],
                            [
                                10.974824,
                                4.348171
                            ],
                            [
                                10.975351,
                                4.349596
                            ],
                            [
                                10.975391,
                                4.350296
                            ],
                            [
                                10.975432,
                                4.351018
                            ],
                            [
                                10.975093,
                                4.352128
                            ],
                            [
                                10.974748,
                                4.354988
                            ],
                            [
                                10.974637,
                                4.355906
                            ],
                            [
                                10.975795,
                                4.356474
                            ],
                            [
                                10.975867,
                                4.356847
                            ],
                            [
                                10.976005,
                                4.357571
                            ],
                            [
                                10.975938,
                                4.358583
                            ],
                            [
                                10.975498,
                                4.359283
                            ],
                            [
                                10.974607,
                                4.360269
                            ],
                            [
                                10.97459,
                                4.360939
                            ],
                            [
                                10.974584,
                                4.361188
                            ],
                            [
                                10.974296,
                                4.362528
                            ],
                            [
                                10.973813,
                                4.36332
                            ],
                            [
                                10.973695,
                                4.363399
                            ],
                            [
                                10.97355,
                                4.36536
                            ],
                            [
                                10.97057,
                                4.367651
                            ],
                            [
                                10.970586,
                                4.3679
                            ],
                            [
                                10.970888,
                                4.369041
                            ],
                            [
                                10.971278,
                                4.369996
                            ],
                            [
                                10.970836,
                                4.371066
                            ],
                            [
                                10.969889,
                                4.373061
                            ],
                            [
                                10.969786,
                                4.374441
                            ],
                            [
                                10.969306,
                                4.375372
                            ],
                            [
                                10.96845,
                                4.375898
                            ],
                            [
                                10.967482,
                                4.3756
                            ],
                            [
                                10.966516,
                                4.375394
                            ],
                            [
                                10.965093,
                                4.375199
                            ],
                            [
                                10.964273,
                                4.375357
                            ],
                            [
                                10.963327,
                                4.375977
                            ],
                            [
                                10.961965,
                                4.376378
                            ],
                            [
                                10.961307,
                                4.376443
                            ],
                            [
                                10.960733,
                                4.3765
                            ],
                            [
                                10.959955,
                                4.376519
                            ],
                            [
                                10.959429,
                                4.37629
                            ],
                            [
                                10.94545,
                                4.38783
                            ],
                            [
                                10.94107,
                                4.41359
                            ],
                            [
                                10.940948,
                                4.413746
                            ],
                            [
                                10.94119,
                                4.415109
                            ],
                            [
                                10.940759,
                                4.415772
                            ],
                            [
                                10.937908,
                                4.418919
                            ],
                            [
                                10.936648,
                                4.419732
                            ],
                            [
                                10.935736,
                                4.420394
                            ],
                            [
                                10.93258,
                                4.42442
                            ],
                            [
                                10.931777,
                                4.425077
                            ],
                            [
                                10.931172,
                                4.425883
                            ],
                            [
                                10.92996,
                                4.426832
                            ],
                            [
                                10.929273,
                                4.427599
                            ],
                            [
                                10.928459,
                                4.429073
                            ],
                            [
                                10.928073,
                                4.430093
                            ],
                            [
                                10.927195,
                                4.431585
                            ],
                            [
                                10.92626,
                                4.432618
                            ],
                            [
                                10.922677,
                                4.433901
                            ],
                            [
                                10.921534,
                                4.433461
                            ],
                            [
                                10.91765,
                                4.43664
                            ],
                            [
                                10.900586,
                                4.458581
                            ],
                            [
                                10.901215,
                                4.459737
                            ],
                            [
                                10.901294,
                                4.461114
                            ],
                            [
                                10.900553,
                                4.462556
                            ],
                            [
                                10.899493,
                                4.464097
                            ],
                            [
                                10.898724,
                                4.464484
                            ],
                            [
                                10.8979,
                                4.464632
                            ],
                            [
                                10.89322,
                                4.48686
                            ],
                            [
                                10.89382,
                                4.49727
                            ],
                            [
                                10.90815,
                                4.50858
                            ],
                            [
                                10.908528,
                                4.511514
                            ],
                            [
                                10.908866,
                                4.51266
                            ],
                            [
                                10.909347,
                                4.514064
                            ],
                            [
                                10.909947,
                                4.515648
                            ],
                            [
                                10.910545,
                                4.516633
                            ],
                            [
                                10.911205,
                                4.518425
                            ],
                            [
                                10.911837,
                                4.520666
                            ],
                            [
                                10.912683,
                                4.52497
                            ],
                            [
                                10.912806,
                                4.526615
                            ],
                            [
                                10.912695,
                                4.529815
                            ],
                            [
                                10.912729,
                                4.53137
                            ],
                            [
                                10.91298,
                                4.536034
                            ],
                            [
                                10.912748,
                                4.538606
                            ],
                            [
                                10.912489,
                                4.542076
                            ],
                            [
                                10.912479,
                                4.542165
                            ],
                            [
                                10.91643,
                                4.57282
                            ],
                            [
                                10.91645,
                                4.572933
                            ],
                            [
                                10.916627,
                                4.573442
                            ],
                            [
                                10.917312,
                                4.57388
                            ],
                            [
                                10.918118,
                                4.574716
                            ],
                            [
                                10.918627,
                                4.575611
                            ],
                            [
                                10.919168,
                                4.577255
                            ],
                            [
                                10.919441,
                                4.579018
                            ],
                            [
                                10.919685,
                                4.581171
                            ],
                            [
                                10.920199,
                                4.583741
                            ],
                            [
                                10.920501,
                                4.585265
                            ],
                            [
                                10.920743,
                                4.58673
                            ],
                            [
                                10.921492,
                                4.588073
                            ],
                            [
                                10.922169,
                                4.588662
                            ],
                            [
                                10.922418,
                                4.588878
                            ],
                            [
                                10.922985,
                                4.589415
                            ],
                            [
                                10.923135,
                                4.589803
                            ],
                            [
                                10.923168,
                                4.591089
                            ],
                            [
                                10.922846,
                                4.593094
                            ],
                            [
                                10.922672,
                                4.595008
                            ],
                            [
                                10.922437,
                                4.596294
                            ],
                            [
                                10.922352,
                                4.59785
                            ],
                            [
                                10.922268,
                                4.599973
                            ],
                            [
                                10.922346,
                                4.602243
                            ],
                            [
                                10.922052,
                                4.6054
                            ],
                            [
                                10.92235,
                                4.60713
                            ],
                            [
                                10.91748,
                                4.61993
                            ],
                            [
                                10.90223,
                                4.62664
                            ],
                            [
                                10.86597,
                                4.60383
                            ],
                            [
                                10.84433,
                                4.61179
                            ],
                            [
                                10.81549,
                                4.62013
                            ],
                            [
                                10.810771,
                                4.612278
                            ],
                            [
                                10.809115,
                                4.612128
                            ],
                            [
                                10.806003,
                                4.611431
                            ],
                            [
                                10.804599,
                                4.611083
                            ],
                            [
                                10.802389,
                                4.610534
                            ],
                            [
                                10.796973,
                                4.610951
                            ],
                            [
                                10.794966,
                                4.611056
                            ],
                            [
                                10.79105,
                                4.609556
                            ],
                            [
                                10.787938,
                                4.608859
                            ],
                            [
                                10.784626,
                                4.608264
                            ],
                            [
                                10.78181,
                                4.605552
                            ],
                            [
                                10.781104,
                                4.604044
                            ],
                            [
                                10.779998,
                                4.599745
                            ],
                            [
                                10.779888,
                                4.599316
                            ],
                            [
                                10.779777,
                                4.594786
                            ],
                            [
                                10.780273,
                                4.59257
                            ],
                            [
                                10.782173,
                                4.590048
                            ],
                            [
                                10.783268,
                                4.586925
                            ],
                            [
                                10.782258,
                                4.584108
                            ],
                            [
                                10.781947,
                                4.580082
                            ],
                            [
                                10.77983,
                                4.575658
                            ],
                            [
                                10.778717,
                                4.571936
                            ],
                            [
                                10.779511,
                                4.568612
                            ],
                            [
                                10.778901,
                                4.565291
                            ],
                            [
                                10.780901,
                                4.562769
                            ],
                            [
                                10.781599,
                                4.560754
                            ],
                            [
                                10.781083,
                                4.555118
                            ],
                            [
                                10.781076,
                                4.552399
                            ],
                            [
                                10.779867,
                                4.550188
                            ],
                            [
                                10.777254,
                                4.548281
                            ],
                            [
                                10.776646,
                                4.545665
                            ],
                            [
                                10.777342,
                                4.543248
                            ],
                            [
                                10.779245,
                                4.542135
                            ],
                            [
                                10.780846,
                                4.54042
                            ],
                            [
                                10.781541,
                                4.537297
                            ],
                            [
                                10.781134,
                                4.535184
                            ],
                            [
                                10.77912,
                                4.531968
                            ],
                            [
                                10.777812,
                                4.530461
                            ],
                            [
                                10.776606,
                                4.529457
                            ],
                            [
                                10.777806,
                                4.527843
                            ],
                            [
                                10.779201,
                                4.527098
                            ],
                            [
                                10.77569,
                                4.51597
                            ],
                            [
                                10.754074,
                                4.495749
                            ],
                            [
                                10.75265,
                                4.49579
                            ],
                            [
                                10.750244,
                                4.4964
                            ],
                            [
                                10.747837,
                                4.496808
                            ],
                            [
                                10.746234,
                                4.496104
                            ],
                            [
                                10.745757,
                                4.495391
                            ],
                            [
                                10.743752,
                                4.492088
                            ],
                            [
                                10.74141,
                                4.491388
                            ],
                            [
                                10.737394,
                                4.492001
                            ],
                            [
                                10.733985,
                                4.493116
                            ],
                            [
                                10.73038,
                                4.495642
                            ],
                            [
                                10.729582,
                                4.497657
                            ],
                            [
                                10.727278,
                                4.49877
                            ],
                            [
                                10.724571,
                                4.499683
                            ],
                            [
                                10.723752,
                                4.501396
                            ],
                            [
                                10.723255,
                                4.502745
                            ],
                            [
                                10.726095,
                                4.507632
                            ],
                            [
                                10.727809,
                                4.511152
                            ],
                            [
                                10.727716,
                                4.514273
                            ],
                            [
                                10.725914,
                                4.51609
                            ],
                            [
                                10.725619,
                                4.518305
                            ],
                            [
                                10.725929,
                                4.522231
                            ],
                            [
                                10.724527,
                                4.523241
                            ],
                            [
                                10.721519,
                                4.524154
                            ],
                            [
                                10.719309,
                                4.52275
                            ],
                            [
                                10.71432,
                                4.522547
                            ],
                            [
                                10.71269,
                                4.52581
                            ],
                            [
                                10.701609,
                                4.521249
                            ],
                            [
                                10.700446,
                                4.521284
                            ],
                            [
                                10.697036,
                                4.521695
                            ],
                            [
                                10.697224,
                                4.519444
                            ],
                            [
                                10.69595,
                                4.51892
                            ],
                            [
                                10.681624,
                                4.494055
                            ],
                            [
                                10.681423,
                                4.494146
                            ],
                            [
                                10.680018,
                                4.493847
                            ],
                            [
                                10.678608,
                                4.491535
                            ],
                            [
                                10.678608,
                                4.491477
                            ],
                            [
                                10.66623,
                                4.48794
                            ],
                            [
                                10.66247,
                                4.48686
                            ],
                            [
                                10.64378,
                                4.47856
                            ],
                            [
                                10.61917,
                                4.44805
                            ],
                            [
                                10.58373,
                                4.43722
                            ],
                            [
                                10.54437,
                                4.44885
                            ],
                            [
                                10.54026,
                                4.45063
                            ],
                            [
                                10.5235,
                                4.46039
                            ],
                            [
                                10.52209,
                                4.45359
                            ],
                            [
                                10.52347,
                                4.42804
                            ],
                            [
                                10.52332,
                                4.39821
                            ],
                            [
                                10.48886,
                                4.38468
                            ],
                            [
                                10.48517,
                                4.37114
                            ],
                            [
                                10.483971,
                                4.369101
                            ],
                            [
                                10.483052,
                                4.369133
                            ],
                            [
                                10.47995,
                                4.367584
                            ],
                            [
                                10.4753,
                                4.366995
                            ],
                            [
                                10.473036,
                                4.367
                            ],
                            [
                                10.469099,
                                4.365333
                            ],
                            [
                                10.465876,
                                4.363065
                            ],
                            [
                                10.46349,
                                4.361634
                            ],
                            [
                                10.460029,
                                4.359488
                            ],
                            [
                                10.458593,
                                4.35626
                            ],
                            [
                                10.45799,
                                4.352672
                            ],
                            [
                                10.45679,
                                4.348606
                            ],
                            [
                                10.455712,
                                4.345618
                            ],
                            [
                                10.454037,
                                4.34239
                            ],
                            [
                                10.452245,
                                4.340599
                            ],
                            [
                                10.449624,
                                4.340843
                            ],
                            [
                                10.448077,
                                4.342282
                            ],
                            [
                                10.448203,
                                4.345632
                            ],
                            [
                                10.448208,
                                4.348503
                            ],
                            [
                                10.448453,
                                4.351853
                            ],
                            [
                                10.44965,
                                4.354483
                            ],
                            [
                                10.4487,
                                4.356638
                            ],
                            [
                                10.447151,
                                4.356522
                            ],
                            [
                                10.446193,
                                4.35413
                            ],
                            [
                                10.444521,
                                4.352339
                            ],
                            [
                                10.442492,
                                4.351027
                            ],
                            [
                                10.440463,
                                4.349595
                            ],
                            [
                                10.438195,
                                4.347805
                            ],
                            [
                                10.436102,
                                4.344339
                            ],
                            [
                                10.435741,
                                4.342186
                            ],
                            [
                                10.434783,
                                4.340034
                            ],
                            [
                                10.434422,
                                4.33824
                            ],
                            [
                                10.4337,
                                4.334294
                            ],
                            [
                                10.432979,
                                4.331304
                            ],
                            [
                                10.431183,
                                4.32712
                            ],
                            [
                                10.429393,
                                4.325687
                            ],
                            [
                                10.429031,
                                4.323415
                            ],
                            [
                                10.428431,
                                4.321142
                            ],
                            [
                                10.426996,
                                4.318513
                            ],
                            [
                                10.42687,
                                4.315044
                            ],
                            [
                                10.425849,
                                4.310619
                            ],
                            [
                                10.425685,
                                4.308848
                            ],
                            [
                                10.42242,
                                4.30101
                            ],
                            [
                                10.4092,
                                4.28068
                            ],
                            [
                                10.40642,
                                4.2764
                            ],
                            [
                                10.4015,
                                4.26409
                            ],
                            [
                                10.38304,
                                4.22964
                            ],
                            [
                                10.3732,
                                4.21979
                            ],
                            [
                                10.36459,
                                4.21118
                            ],
                            [
                                10.362094,
                                4.203697
                            ],
                            [
                                10.359639,
                                4.197809
                            ],
                            [
                                10.359787,
                                4.196783
                            ],
                            [
                                10.35597,
                                4.18534
                            ],
                            [
                                10.35351,
                                4.16442
                            ],
                            [
                                10.36532,
                                4.15044
                            ],
                            [
                                10.361507,
                                4.143771
                            ],
                            [
                                10.36106,
                                4.143681
                            ],
                            [
                                10.360388,
                                4.143394
                            ],
                            [
                                10.358563,
                                4.142245
                            ],
                            [
                                10.356571,
                                4.141024
                            ],
                            [
                                10.354842,
                                4.139707
                            ],
                            [
                                10.35309,
                                4.138941
                            ],
                            [
                                10.352538,
                                4.137959
                            ],
                            [
                                10.351961,
                                4.137312
                            ],
                            [
                                10.350593,
                                4.136403
                            ],
                            [
                                10.349609,
                                4.136714
                            ],
                            [
                                10.348913,
                                4.13645
                            ],
                            [
                                10.34836,
                                4.135181
                            ],
                            [
                                10.347544,
                                4.134248
                            ],
                            [
                                10.346704,
                                4.134295
                            ],
                            [
                                10.346272,
                                4.133433
                            ],
                            [
                                10.344574,
                                4.131496
                            ],
                            [
                                10.32036,
                                4.11017
                            ],
                            [
                                10.314597,
                                4.109943
                            ],
                            [
                                10.314583,
                                4.110303
                            ],
                            [
                                10.314103,
                                4.11071
                            ],
                            [
                                10.313406,
                                4.111117
                            ],
                            [
                                10.312206,
                                4.114254
                            ],
                            [
                                10.311702,
                                4.117295
                            ],
                            [
                                10.311534,
                                4.117893
                            ],
                            [
                                10.310718,
                                4.118037
                            ],
                            [
                                10.309853,
                                4.117391
                            ],
                            [
                                10.309805,
                                4.1166
                            ],
                            [
                                10.309397,
                                4.115786
                            ],
                            [
                                10.309253,
                                4.114493
                            ],
                            [
                                10.307837,
                                4.112985
                            ],
                            [
                                10.306949,
                                4.112051
                            ],
                            [
                                10.306468,
                                4.11138
                            ],
                            [
                                10.307165,
                                4.109944
                            ],
                            [
                                10.307165,
                                4.109649
                            ],
                            [
                                10.30395,
                                4.109522
                            ],
                            [
                                10.30366,
                                4.109944
                            ],
                            [
                                10.302747,
                                4.111189
                            ],
                            [
                                10.301499,
                                4.112578
                            ],
                            [
                                10.300539,
                                4.113344
                            ],
                            [
                                10.299939,
                                4.113104
                            ],
                            [
                                10.299602,
                                4.112242
                            ],
                            [
                                10.298882,
                                4.111261
                            ],
                            [
                                10.297994,
                                4.111309
                            ],
                            [
                                10.297802,
                                4.112506
                            ],
                            [
                                10.297658,
                                4.113559
                            ],
                            [
                                10.296578,
                                4.113511
                            ],
                            [
                                10.295593,
                                4.11399
                            ],
                            [
                                10.294345,
                                4.11435
                            ],
                            [
                                10.293385,
                                4.114948
                            ],
                            [
                                10.292929,
                                4.115786
                            ],
                            [
                                10.2924,
                                4.115714
                            ],
                            [
                                10.29216,
                                4.114565
                            ],
                            [
                                10.29216,
                                4.113631
                            ],
                            [
                                10.290312,
                                4.112649
                            ],
                            [
                                10.289904,
                                4.111596
                            ],
                            [
                                10.290144,
                                4.110351
                            ],
                            [
                                10.290456,
                                4.109297
                            ],
                            [
                                10.291149,
                                4.108269
                            ],
                            [
                                10.28665,
                                4.104091
                            ],
                            [
                                10.285246,
                                4.103359
                            ],
                            [
                                10.284598,
                                4.103862
                            ],
                            [
                                10.284166,
                                4.105059
                            ],
                            [
                                10.283782,
                                4.106304
                            ],
                            [
                                10.283038,
                                4.107621
                            ],
                            [
                                10.281885,
                                4.108172
                            ],
                            [
                                10.281405,
                                4.107693
                            ],
                            [
                                10.281021,
                                4.106519
                            ],
                            [
                                10.281525,
                                4.105586
                            ],
                            [
                                10.281717,
                                4.104245
                            ],
                            [
                                10.281117,
                                4.10264
                            ],
                            [
                                10.281501,
                                4.102305
                            ],
                            [
                                10.281405,
                                4.101874
                            ],
                            [
                                10.280925,
                                4.101108
                            ],
                            [
                                10.281117,
                                4.099863
                            ],
                            [
                                10.281174,
                                4.099006
                            ],
                            [
                                10.27476,
                                4.09305
                            ],
                            [
                                10.273883,
                                4.093463
                            ],
                            [
                                10.273747,
                                4.094044
                            ],
                            [
                                10.272559,
                                4.094176
                            ],
                            [
                                10.271253,
                                4.094701
                            ],
                            [
                                10.27056,
                                4.095028
                            ],
                            [
                                10.270026,
                                4.095624
                            ],
                            [
                                10.269396,
                                4.095576
                            ],
                            [
                                10.268966,
                                4.095778
                            ],
                            [
                                10.268538,
                                4.096558
                            ],
                            [
                                10.267827,
                                4.097316
                            ],
                            [
                                10.266785,
                                4.097492
                            ],
                            [
                                10.265825,
                                4.09833
                            ],
                            [
                                10.264576,
                                4.098234
                            ],
                            [
                                10.264146,
                                4.099217
                            ],
                            [
                                10.265777,
                                4.099336
                            ],
                            [
                                10.267064,
                                4.100241
                            ],
                            [
                                10.266549,
                                4.101953
                            ],
                            [
                                10.262086,
                                4.103837
                            ],
                            [
                                10.258679,
                                4.104265
                            ],
                            [
                                10.254705,
                                4.105549
                            ],
                            [
                                10.251126,
                                4.107176
                            ],
                            [
                                10.248722,
                                4.107689
                            ],
                            [
                                10.242345,
                                4.110857
                            ],
                            [
                                10.238225,
                                4.110514
                            ],
                            [
                                10.235822,
                                4.111884
                            ],
                            [
                                10.23462,
                                4.11411
                            ],
                            [
                                10.231187,
                                4.115137
                            ],
                            [
                                10.230379,
                                4.111681
                            ],
                            [
                                10.221432,
                                4.107953
                            ],
                            [
                                10.219343,
                                4.107432
                            ],
                            [
                                10.216768,
                                4.107432
                            ],
                            [
                                10.213334,
                                4.10846
                            ],
                            [
                                10.208871,
                                4.10846
                            ],
                            [
                                10.2087,
                                4.109658
                            ],
                            [
                                10.206811,
                                4.108631
                            ],
                            [
                                10.20546,
                                4.107567
                            ],
                            [
                                10.194669,
                                4.108396
                            ],
                            [
                                10.193078,
                                4.108973
                            ],
                            [
                                10.191362,
                                4.110001
                            ],
                            [
                                10.184324,
                                4.110001
                            ],
                            [
                                10.177114,
                                4.110343
                            ],
                            [
                                10.175741,
                                4.109829
                            ],
                            [
                                10.168359,
                                4.109316
                            ],
                            [
                                10.165441,
                                4.109487
                            ],
                            [
                                10.161788,
                                4.109295
                            ],
                            [
                                10.156221,
                                4.115872
                            ],
                            [
                                10.156343,
                                4.116507
                            ],
                            [
                                10.155453,
                                4.11678
                            ],
                            [
                                10.15034,
                                4.12282
                            ],
                            [
                                10.148579,
                                4.123322
                            ],
                            [
                                10.1457,
                                4.12541
                            ],
                            [
                                10.14158,
                                4.128141
                            ],
                            [
                                10.140372,
                                4.127729
                            ],
                            [
                                10.141312,
                                4.130655
                            ],
                            [
                                10.142149,
                                4.133166
                            ],
                            [
                                10.142393,
                                4.136875
                            ],
                            [
                                10.143468,
                                4.138549
                            ],
                            [
                                10.145736,
                                4.141418
                            ],
                            [
                                10.147526,
                                4.143329
                            ],
                            [
                                10.150272,
                                4.146556
                            ],
                            [
                                10.152302,
                                4.149425
                            ],
                            [
                                10.154809,
                                4.152293
                            ],
                            [
                                10.156481,
                                4.154205
                            ],
                            [
                                10.160776,
                                4.157669
                            ],
                            [
                                10.163758,
                                4.159818
                            ],
                            [
                                10.167457,
                                4.162565
                            ],
                            [
                                10.170203,
                                4.165911
                            ],
                            [
                                10.174858,
                                4.170691
                            ],
                            [
                                10.177484,
                                4.173559
                            ],
                            [
                                10.180229,
                                4.176187
                            ],
                            [
                                10.182258,
                                4.177979
                            ],
                            [
                                10.185303,
                                4.182641
                            ],
                            [
                                10.188289,
                                4.186824
                            ],
                            [
                                10.190558,
                                4.189932
                            ],
                            [
                                10.191159,
                                4.192683
                            ],
                            [
                                10.189855,
                                4.197591
                            ],
                            [
                                10.189979,
                                4.201061
                            ],
                            [
                                10.189866,
                                4.20489
                            ],
                            [
                                10.188918,
                                4.20872
                            ],
                            [
                                10.191068,
                                4.211948
                            ],
                            [
                                10.192382,
                                4.213501
                            ],
                            [
                                10.196618,
                                4.216486
                            ],
                            [
                                10.201628,
                                4.21935
                            ],
                            [
                                10.204848,
                                4.22114
                            ],
                            [
                                10.207472,
                                4.222692
                            ],
                            [
                                10.208311,
                                4.225442
                            ],
                            [
                                10.207841,
                                4.229631
                            ],
                            [
                                10.207132,
                                4.234059
                            ],
                            [
                                10.206541,
                                4.237171
                            ],
                            [
                                10.205353,
                                4.239686
                            ],
                            [
                                10.206073,
                                4.242676
                            ],
                            [
                                10.207508,
                                4.245905
                            ],
                            [
                                10.208645,
                                4.248775
                            ],
                            [
                                10.209841,
                                4.251525
                            ],
                            [
                                10.209491,
                                4.255953
                            ],
                            [
                                10.209617,
                                4.260021
                            ],
                            [
                                10.209741,
                                4.263491
                            ],
                            [
                                10.21046,
                                4.265883
                            ],
                            [
                                10.208915,
                                4.268637
                            ],
                            [
                                10.206774,
                                4.271392
                            ],
                            [
                                10.207016,
                                4.274144
                            ],
                            [
                                10.207379,
                                4.277374
                            ],
                            [
                                10.209886,
                                4.280003
                            ],
                            [
                                10.213287,
                                4.28275
                            ],
                            [
                                10.215791,
                                4.283583
                            ],
                            [
                                10.217818,
                                4.283699
                            ],
                            [
                                10.22044,
                                4.283456
                            ],
                            [
                                10.221991,
                                4.28465
                            ],
                            [
                                10.224975,
                                4.286799
                            ],
                            [
                                10.226886,
                                4.289668
                            ],
                            [
                                10.229514,
                                4.293373
                            ],
                            [
                                10.231426,
                                4.296122
                            ],
                            [
                                10.233337,
                                4.298871
                            ],
                            [
                                10.235368,
                                4.301739
                            ],
                            [
                                10.237279,
                                4.304488
                            ],
                            [
                                10.239071,
                                4.306998
                            ],
                            [
                                10.241101,
                                4.308789
                            ],
                            [
                                10.244083,
                                4.31034
                            ],
                            [
                                10.247302,
                                4.310574
                            ],
                            [
                                10.251473,
                                4.310208
                            ],
                            [
                                10.254215,
                                4.310682
                            ],
                            [
                                10.255887,
                                4.312355
                            ],
                            [
                                10.256964,
                                4.314746
                            ],
                            [
                                10.256194,
                                4.318098
                            ],
                            [
                                10.255722,
                                4.32085
                            ],
                            [
                                10.255965,
                                4.323961
                            ],
                            [
                                10.256567,
                                4.32719
                            ],
                            [
                                10.257406,
                                4.3303
                            ],
                            [
                                10.258365,
                                4.333529
                            ],
                            [
                                10.258846,
                                4.3364
                            ],
                            [
                                10.260758,
                                4.339149
                            ],
                            [
                                10.263623,
                                4.341537
                            ],
                            [
                                10.265058,
                                4.344526
                            ],
                            [
                                10.265899,
                                4.348353
                            ],
                            [
                                10.266801,
                                4.353377
                            ],
                            [
                                10.26788,
                                4.357085
                            ],
                            [
                                10.269078,
                                4.360313
                            ],
                            [
                                10.270157,
                                4.36414
                            ],
                            [
                                10.269923,
                                4.366294
                            ],
                            [
                                10.268852,
                                4.367373
                            ],
                            [
                                10.267183,
                                4.367376
                            ],
                            [
                                10.26599,
                                4.36678
                            ],
                            [
                                10.264321,
                                4.366902
                            ],
                            [
                                10.264085,
                                4.368219
                            ],
                            [
                                10.264208,
                                4.370612
                            ],
                            [
                                10.264213,
                                4.373603
                            ],
                            [
                                10.264575,
                                4.375876
                            ],
                            [
                                10.267318,
                                4.377068
                            ],
                            [
                                10.269824,
                                4.37838
                            ],
                            [
                                10.271615,
                                4.380411
                            ],
                            [
                                10.271855,
                                4.381128
                            ],
                            [
                                10.271143,
                                4.383044
                            ],
                            [
                                10.268582,
                                4.384484
                            ],
                            [
                                10.266676,
                                4.385086
                            ],
                            [
                                10.264888,
                                4.385089
                            ],
                            [
                                10.263458,
                                4.38533
                            ],
                            [
                                10.262506,
                                4.386528
                            ],
                            [
                                10.261676,
                                4.388803
                            ],
                            [
                                10.259772,
                                4.3912
                            ],
                            [
                                10.258105,
                                4.39216
                            ],
                            [
                                10.256794,
                                4.392401
                            ],
                            [
                                10.255841,
                                4.392403
                            ],
                            [
                                10.25453,
                                4.392764
                            ],
                            [
                                10.253103,
                                4.394561
                            ],
                            [
                                10.253941,
                                4.397072
                            ],
                            [
                                10.255136,
                                4.398985
                            ],
                            [
                                10.257166,
                                4.400896
                            ],
                            [
                                10.260628,
                                4.403642
                            ],
                            [
                                10.263015,
                                4.405552
                            ],
                            [
                                10.266475,
                                4.407581
                            ],
                            [
                                10.268269,
                                4.410688
                            ],
                            [
                                10.270538,
                                4.413078
                            ],
                            [
                                10.271733,
                                4.414631
                            ],
                            [
                                10.273286,
                                4.417021
                            ],
                            [
                                10.27371,
                                4.420969
                            ],
                            [
                                10.275384,
                                4.423718
                            ],
                            [
                                10.278247,
                                4.42467
                            ],
                            [
                                10.280871,
                                4.425623
                            ],
                            [
                                10.283736,
                                4.427652
                            ],
                            [
                                10.285885,
                                4.429802
                            ],
                            [
                                10.287202,
                                4.432672
                            ],
                            [
                                10.288165,
                                4.438054
                            ],
                            [
                                10.288289,
                                4.440806
                            ],
                            [
                                10.288771,
                                4.444395
                            ],
                            [
                                10.288776,
                                4.447267
                            ],
                            [
                                10.288781,
                                4.449659
                            ],
                            [
                                10.287353,
                                4.451337
                            ],
                            [
                                10.285867,
                                4.454092
                            ],
                            [
                                10.2848,
                                4.457085
                            ],
                            [
                                10.284209,
                                4.459838
                            ],
                            [
                                10.283258,
                                4.461514
                            ],
                            [
                                10.281831,
                                4.463551
                            ],
                            [
                                10.280166,
                                4.465947
                            ],
                            [
                                10.278378,
                                4.466309
                            ],
                            [
                                10.276349,
                                4.465116
                            ],
                            [
                                10.274919,
                                4.465119
                            ],
                            [
                                10.272417,
                                4.46632
                            ],
                            [
                                10.270273,
                                4.46728
                            ],
                            [
                                10.26944,
                                4.468359
                            ],
                            [
                                10.267894,
                                4.470276
                            ],
                            [
                                10.266825,
                                4.472551
                            ],
                            [
                                10.265399,
                                4.475545
                            ],
                            [
                                10.263973,
                                4.47806
                            ],
                            [
                                10.263263,
                                4.481292
                            ],
                            [
                                10.263029,
                                4.483805
                            ],
                            [
                                10.264105,
                                4.485598
                            ],
                            [
                                10.264885,
                                4.488349
                            ],
                            [
                                10.265008,
                                4.490741
                            ],
                            [
                                10.26358,
                                4.492419
                            ],
                            [
                                10.261078,
                                4.493022
                            ],
                            [
                                10.258931,
                                4.492786
                            ],
                            [
                                10.255954,
                                4.494586
                            ],
                            [
                                10.254288,
                                4.496384
                            ],
                            [
                                10.252622,
                                4.498062
                            ],
                            [
                                10.251789,
                                4.49914
                            ],
                            [
                                10.251378,
                                4.499968
                            ],
                            [
                                10.251598,
                                4.499968
                            ],
                            [
                                10.251841,
                                4.502489
                            ],
                            [
                                10.252678,
                                4.504044
                            ],
                            [
                                10.253637,
                                4.507153
                            ],
                            [
                                10.254239,
                                4.510382
                            ],
                            [
                                10.253052,
                                4.513974
                            ],
                            [
                                10.252222,
                                4.516369
                            ],
                            [
                                10.249844,
                                4.520441
                            ],
                            [
                                10.246868,
                                4.522839
                            ],
                            [
                                10.244847,
                                4.526552
                            ],
                            [
                                10.244378,
                                4.53098
                            ],
                            [
                                10.24164,
                                4.533736
                            ],
                            [
                                10.240211,
                                4.534457
                            ],
                            [
                                10.237706,
                                4.533743
                            ],
                            [
                                10.235798,
                                4.533387
                            ],
                            [
                                10.232703,
                                4.536504
                            ],
                            [
                                10.228771,
                                4.538186
                            ],
                            [
                                10.225316,
                                4.539867
                            ],
                            [
                                10.221743,
                                4.541907
                            ],
                            [
                                10.219244,
                                4.545142
                            ],
                            [
                                10.218411,
                                4.54622
                            ],
                            [
                                10.216028,
                                4.546822
                            ],
                            [
                                10.214178,
                                4.546168
                            ],
                            [
                                10.212509,
                                4.54617
                            ],
                            [
                                10.21132,
                                4.547967
                            ],
                            [
                                10.21013,
                                4.549285
                            ],
                            [
                                10.208461,
                                4.549408
                            ],
                            [
                                10.206552,
                                4.549172
                            ],
                            [
                                10.205242,
                                4.550011
                            ],
                            [
                                10.202861,
                                4.55193
                            ],
                            [
                                10.200241,
                                4.554208
                            ],
                            [
                                10.197739,
                                4.555169
                            ],
                            [
                                10.195237,
                                4.55613
                            ],
                            [
                                10.192852,
                                4.556015
                            ],
                            [
                                10.190824,
                                4.555899
                            ],
                            [
                                10.189036,
                                4.555782
                            ],
                            [
                                10.187727,
                                4.55722
                            ],
                            [
                                10.187611,
                                4.559494
                            ],
                            [
                                10.188332,
                                4.562603
                            ],
                            [
                                10.187266,
                                4.568258
                            ],
                            [
                                10.181518,
                                4.566486
                            ],
                            [
                                10.175982,
                                4.566199
                            ],
                            [
                                10.169177,
                                4.568326
                            ],
                            [
                                10.163649,
                                4.569239
                            ],
                            [
                                10.164979,
                                4.574032
                            ],
                            [
                                10.1689,
                                4.578285
                            ],
                            [
                                10.170284,
                                4.582079
                            ],
                            [
                                10.172821,
                                4.582079
                            ],
                            [
                                10.17409,
                                4.584896
                            ],
                            [
                                10.175993,
                                4.584436
                            ],
                            [
                                10.177089,
                                4.586333
                            ],
                            [
                                10.177204,
                                4.588172
                            ],
                            [
                                10.181325,
                                4.590371
                            ],
                            [
                                10.181529,
                                4.594208
                            ],
                            [
                                10.179626,
                                4.605301
                            ],
                            [
                                10.179665,
                                4.630782
                            ],
                            [
                                10.186496,
                                4.632521
                            ],
                            [
                                10.187808,
                                4.632902
                            ],
                            [
                                10.189526,
                                4.633401
                            ],
                            [
                                10.191186,
                                4.634427
                            ],
                            [
                                10.193812,
                                4.636385
                            ],
                            [
                                10.198467,
                                4.638986
                            ],
                            [
                                10.199959,
                                4.63939
                            ],
                            [
                                10.203368,
                                4.638714
                            ],
                            [
                                10.204835,
                                4.639071
                            ],
                            [
                                10.206268,
                                4.640026
                            ],
                            [
                                10.208633,
                                4.642104
                            ],
                            [
                                10.209779,
                                4.643203
                            ],
                            [
                                10.214988,
                                4.648745
                            ],
                            [
                                10.217628,
                                4.651302
                            ],
                            [
                                10.21868,
                                4.652688
                            ],
                            [
                                10.219492,
                                4.653548
                            ],
                            [
                                10.220113,
                                4.65393
                            ],
                            [
                                10.22133,
                                4.654382
                            ],
                            [
                                10.223166,
                                4.654355
                            ],
                            [
                                10.224668,
                                4.653826
                            ],
                            [
                                10.225453,
                                4.652652
                            ],
                            [
                                10.226535,
                                4.650807
                            ],
                            [
                                10.227297,
                                4.650136
                            ],
                            [
                                10.22818,
                                4.65023
                            ],
                            [
                                10.230255,
                                4.650394
                            ],
                            [
                                10.232593,
                                4.650868
                            ],
                            [
                                10.234502,
                                4.651296
                            ],
                            [
                                10.239332,
                                4.651407
                            ],
                            [
                                10.240787,
                                4.651381
                            ],
                            [
                                10.242693,
                                4.650324
                            ],
                            [
                                10.244217,
                                4.648981
                            ],
                            [
                                10.245383,
                                4.647783
                            ],
                            [
                                10.246275,
                                4.646609
                            ],
                            [
                                10.248109,
                                4.64517
                            ],
                            [
                                10.24861,
                                4.644834
                            ],
                            [
                                10.249445,
                                4.644832
                            ],
                            [
                                10.250447,
                                4.644998
                            ],
                            [
                                10.251187,
                                4.645595
                            ],
                            [
                                10.252334,
                                4.647005
                            ],
                            [
                                10.252958,
                                4.649158
                            ],
                            [
                                10.253724,
                                4.650783
                            ],
                            [
                                10.255016,
                                4.652959
                            ],
                            [
                                10.2554,
                                4.654107
                            ],
                            [
                                10.2552,
                                4.656069
                            ],
                            [
                                10.25654,
                                4.658125
                            ],
                            [
                                10.257593,
                                4.660277
                            ],
                            [
                                10.258251,
                                4.661568
                            ],
                            [
                                10.258611,
                                4.662931
                            ],
                            [
                                10.259042,
                                4.663864
                            ],
                            [
                                10.260571,
                                4.665129
                            ],
                            [
                                10.262481,
                                4.666777
                            ],
                            [
                                10.263676,
                                4.667732
                            ],
                            [
                                10.265384,
                                4.669428
                            ],
                            [
                                10.267032,
                                4.670693
                            ],
                            [
                                10.267726,
                                4.671769
                            ],
                            [
                                10.268085,
                                4.672726
                            ],
                            [
                                10.268279,
                                4.674233
                            ],
                            [
                                10.268221,
                                4.675645
                            ],
                            [
                                10.268462,
                                4.676482
                            ],
                            [
                                10.269108,
                                4.67751
                            ],
                            [
                                10.270088,
                                4.679064
                            ],
                            [
                                10.271163,
                                4.680115
                            ],
                            [
                                10.272811,
                                4.681356
                            ],
                            [
                                10.2765,
                                4.683599
                            ],
                            [
                                10.278339,
                                4.684577
                            ],
                            [
                                10.280082,
                                4.685937
                            ],
                            [
                                10.280872,
                                4.687515
                            ],
                            [
                                10.28165,
                                4.688974
                            ],
                            [
                                10.282391,
                                4.689858
                            ],
                            [
                                10.284637,
                                4.691864
                            ],
                            [
                                10.285903,
                                4.693369
                            ],
                            [
                                10.2876,
                                4.694873
                            ],
                            [
                                10.289379,
                                4.696162
                            ],
                            [
                                10.291026,
                                4.696853
                            ],
                            [
                                10.292792,
                                4.697783
                            ],
                            [
                                10.295038,
                                4.699502
                            ],
                            [
                                10.29659,
                                4.700552
                            ],
                            [
                                10.29775,
                                4.702177
                            ],
                            [
                                10.298635,
                                4.703898
                            ],
                            [
                                10.299402,
                                4.705405
                            ],
                            [
                                10.3,
                                4.70648
                            ],
                            [
                                10.300765,
                                4.707556
                            ],
                            [
                                10.304338,
                                4.711689
                            ],
                            [
                                10.305605,
                                4.712907
                            ],
                            [
                                10.306895,
                                4.714173
                            ],
                            [
                                10.307363,
                                4.715416
                            ],
                            [
                                10.307651,
                                4.716588
                            ],
                            [
                                10.30825,
                                4.717808
                            ],
                            [
                                10.309326,
                                4.719313
                            ],
                            [
                                10.310711,
                                4.720531
                            ],
                            [
                                10.312192,
                                4.721533
                            ],
                            [
                                10.314018,
                                4.722152
                            ],
                            [
                                10.315521,
                                4.722484
                            ],
                            [
                                10.316118,
                                4.72277
                            ],
                            [
                                10.317981,
                                4.72425
                            ],
                            [
                                10.319367,
                                4.725612
                            ],
                            [
                                10.3208,
                                4.726781
                            ],
                            [
                                10.322305,
                                4.727999
                            ],
                            [
                                10.326213,
                                4.731701
                            ],
                            [
                                10.327861,
                                4.733038
                            ],
                            [
                                10.329318,
                                4.734207
                            ],
                            [
                                10.332125,
                                4.736523
                            ],
                            [
                                10.333414,
                                4.737358
                            ],
                            [
                                10.334656,
                                4.737595
                            ],
                            [
                                10.337326,
                                4.737374
                            ],
                            [
                                10.337687,
                                4.738834
                            ],
                            [
                                10.338691,
                                4.739908
                            ],
                            [
                                10.340159,
                                4.740576
                            ],
                            [
                                10.342168,
                                4.743348
                            ],
                            [
                                10.343483,
                                4.745116
                            ],
                            [
                                10.344154,
                                4.74679
                            ],
                            [
                                10.344861,
                                4.748344
                            ],
                            [
                                10.345293,
                                4.749826
                            ],
                            [
                                10.34551,
                                4.750903
                            ],
                            [
                                10.345086,
                                4.753536
                            ],
                            [
                                10.344982,
                                4.755331
                            ],
                            [
                                10.345222,
                                4.755976
                            ],
                            [
                                10.346032,
                                4.755951
                            ],
                            [
                                10.347032,
                                4.754776
                            ],
                            [
                                10.348032,
                                4.753722
                            ],
                            [
                                10.349103,
                                4.75293
                            ],
                            [
                                10.350463,
                                4.752927
                            ],
                            [
                                10.352539,
                                4.753091
                            ],
                            [
                                10.354281,
                                4.753709
                            ],
                            [
                                10.356107,
                                4.754519
                            ],
                            [
                                10.357708,
                                4.755976
                            ],
                            [
                                10.360169,
                                4.757765
                            ],
                            [
                                10.360699,
                                4.760421
                            ],
                            [
                                10.360761,
                                4.761832
                            ],
                            [
                                10.360192,
                                4.763341
                            ],
                            [
                                10.360145,
                                4.764179
                            ],
                            [
                                10.360338,
                                4.76504
                            ],
                            [
                                10.361964,
                                4.76719
                            ],
                            [
                                10.363625,
                                4.768718
                            ],
                            [
                                10.364987,
                                4.769936
                            ],
                            [
                                10.365754,
                                4.771777
                            ],
                            [
                                10.366521,
                                4.773474
                            ],
                            [
                                10.367777,
                                4.776739
                            ],
                            [
                                10.370047,
                                4.779034
                            ],
                            [
                                10.367972,
                                4.777174
                            ],
                            [
                                10.366914,
                                4.776915
                            ],
                            [
                                10.365798,
                                4.77703
                            ],
                            [
                                10.365326,
                                4.77749
                            ],
                            [
                                10.364556,
                                4.778008
                            ],
                            [
                                10.363886,
                                4.778325
                            ],
                            [
                                10.363317,
                                4.778353
                            ],
                            [
                                10.362928,
                                4.77796
                            ],
                            [
                                10.361655,
                                4.787206
                            ],
                            [
                                10.356961,
                                4.801424
                            ],
                            [
                                10.351095,
                                4.819196
                            ],
                            [
                                10.332235,
                                4.832258
                            ],
                            [
                                10.307472,
                                4.84533
                            ],
                            [
                                10.2898,
                                4.863125
                            ],
                            [
                                10.287482,
                                4.885627
                            ],
                            [
                                10.293432,
                                4.910481
                            ],
                            [
                                10.298214,
                                4.941257
                            ],
                            [
                                10.292334,
                                4.953109
                            ],
                            [
                                10.260473,
                                4.961459
                            ],
                            [
                                10.233319,
                                4.96151
                            ],
                            [
                                10.2121,
                                4.979311
                            ],
                            [
                                10.191698,
                                4.998612
                            ],
                            [
                                10.189082,
                                4.996941
                            ],
                            [
                                10.186957,
                                4.996155
                            ],
                            [
                                10.183806,
                                4.995611
                            ],
                            [
                                10.171507,
                                4.990033
                            ],
                            [
                                10.169965,
                                4.988073
                            ],
                            [
                                10.168074,
                                4.985109
                            ],
                            [
                                10.16593,
                                4.980159
                            ],
                            [
                                10.164495,
                                4.978247
                            ],
                            [
                                10.16244,
                                4.976576
                            ],
                            [
                                10.16072,
                                4.975861
                            ],
                            [
                                10.158715,
                                4.975601
                            ],
                            [
                                10.156437,
                                4.975797
                            ],
                            [
                                10.154863,
                                4.976565
                            ],
                            [
                                10.153122,
                                4.976903
                            ],
                            [
                                10.150951,
                                4.977338
                            ],
                            [
                                10.148636,
                                4.977174
                            ],
                            [
                                10.14804,
                                4.976984
                            ],
                            [
                                10.147465,
                                4.975956
                            ],
                            [
                                10.147368,
                                4.974879
                            ],
                            [
                                10.148356,
                                4.973992
                            ],
                            [
                                10.150287,
                                4.972792
                            ],
                            [
                                10.153719,
                                4.970656
                            ],
                            [
                                10.15429,
                                4.969483
                            ],
                            [
                                10.154336,
                                4.968525
                            ],
                            [
                                10.154035,
                                4.966898
                            ],
                            [
                                10.1531,
                                4.964292
                            ],
                            [
                                10.152715,
                                4.962737
                            ],
                            [
                                10.152772,
                                4.960942
                            ],
                            [
                                10.152817,
                                4.959194
                            ],
                            [
                                10.1531,
                                4.957567
                            ],
                            [
                                10.153979,
                                4.955316
                            ],
                            [
                                10.155074,
                                4.953495
                            ],
                            [
                                10.156051,
                                4.952991
                            ],
                            [
                                10.158067,
                                4.953107
                            ],
                            [
                                10.158186,
                                4.952437
                            ],
                            [
                                10.158134,
                                4.950115
                            ],
                            [
                                10.158393,
                                4.948105
                            ],
                            [
                                10.15839,
                                4.946597
                            ],
                            [
                                10.157542,
                                4.945761
                            ],
                            [
                                10.154627,
                                4.943301
                            ],
                            [
                                10.153825,
                                4.941843
                            ],
                            [
                                10.15308,
                                4.938757
                            ],
                            [
                                10.153219,
                                4.936555
                            ],
                            [
                                10.153538,
                                4.934616
                            ],
                            [
                                10.153511,
                                4.932702
                            ],
                            [
                                10.152935,
                                4.931243
                            ],
                            [
                                10.152156,
                                4.929042
                            ],
                            [
                                10.151652,
                                4.927512
                            ],
                            [
                                10.151482,
                                4.92543
                            ],
                            [
                                10.151265,
                                4.923923
                            ],
                            [
                                10.150678,
                                4.922703
                            ],
                            [
                                10.149649,
                                4.920977
                            ],
                            [
                                10.14779,
                                4.920968
                            ],
                            [
                                10.14668,
                                4.919894
                            ],
                            [
                                10.146286,
                                4.917968
                            ],
                            [
                                10.145278,
                                4.918119
                            ],
                            [
                                10.138572,
                                4.924247
                            ],
                            [
                                10.136152,
                                4.924448
                            ],
                            [
                                10.128589,
                                4.921283
                            ],
                            [
                                10.127177,
                                4.921886
                            ],
                            [
                                10.127479,
                                4.923443
                            ],
                            [
                                10.130252,
                                4.926859
                            ],
                            [
                                10.130355,
                                4.928373
                            ],
                            [
                                10.128182,
                                4.929636
                            ],
                            [
                                10.126417,
                                4.929887
                            ],
                            [
                                10.124703,
                                4.92833
                            ],
                            [
                                10.122283,
                                4.929686
                            ],
                            [
                                10.121627,
                                4.931645
                            ],
                            [
                                10.120064,
                                4.932248
                            ],
                            [
                                10.116736,
                                4.929334
                            ],
                            [
                                10.114669,
                                4.929284
                            ],
                            [
                                10.113106,
                                4.931193
                            ],
                            [
                                10.113157,
                                4.935061
                            ],
                            [
                                10.109879,
                                4.937271
                            ],
                            [
                                10.107321,
                                4.937285
                            ],
                            [
                                10.107352,
                                4.93419
                            ],
                            [
                                10.104894,
                                4.931949
                            ],
                            [
                                10.104899,
                                4.92944
                            ],
                            [
                                10.103204,
                                4.926656
                            ],
                            [
                                10.1022,
                                4.925246
                            ],
                            [
                                10.101398,
                                4.923835
                            ],
                            [
                                10.101349,
                                4.923118
                            ],
                            [
                                10.102661,
                                4.922732
                            ],
                            [
                                10.103781,
                                4.921797
                            ],
                            [
                                10.104161,
                                4.920504
                            ],
                            [
                                10.104134,
                                4.919092
                            ],
                            [
                                10.10369,
                                4.917083
                            ],
                            [
                                10.103401,
                                4.915815
                            ],
                            [
                                10.102779,
                                4.914691
                            ],
                            [
                                10.100868,
                                4.91333
                            ],
                            [
                                10.100042,
                                4.91192
                            ],
                            [
                                10.099277,
                                4.910317
                            ],
                            [
                                10.098535,
                                4.909361
                            ],
                            [
                                10.097436,
                                4.908214
                            ],
                            [
                                10.09582,
                                4.905417
                            ],
                            [
                                10.094958,
                                4.903528
                            ],
                            [
                                10.094527,
                                4.902332
                            ],
                            [
                                10.093927,
                                4.900323
                            ],
                            [
                                10.09346,
                                4.899008
                            ],
                            [
                                10.093242,
                                4.897117
                            ],
                            [
                                10.092715,
                                4.89585
                            ],
                            [
                                10.091783,
                                4.894894
                            ],
                            [
                                10.091352,
                                4.894009
                            ],
                            [
                                10.091303,
                                4.893148
                            ],
                            [
                                10.09093,
                                4.891162
                            ],
                            [
                                10.090402,
                                4.889392
                            ],
                            [
                                10.089277,
                                4.887216
                            ],
                            [
                                10.065406,
                                4.864734
                            ],
                            [
                                10.065427,
                                4.862485
                            ],
                            [
                                10.065567,
                                4.86057
                            ],
                            [
                                10.065049,
                                4.857579
                            ],
                            [
                                10.064209,
                                4.854063
                            ],
                            [
                                10.063765,
                                4.852627
                            ],
                            [
                                10.062353,
                                4.849805
                            ],
                            [
                                10.061396,
                                4.848084
                            ],
                            [
                                10.061084,
                                4.847294
                            ],
                            [
                                10.060258,
                                4.844975
                            ],
                            [
                                10.059564,
                                4.843468
                            ],
                            [
                                10.058678,
                                4.841674
                            ],
                            [
                                10.057447,
                                4.840049
                            ],
                            [
                                10.055416,
                                4.838018
                            ],
                            [
                                10.054006,
                                4.8368
                            ],
                            [
                                10.052597,
                                4.835868
                            ],
                            [
                                10.050377,
                                4.834651
                            ],
                            [
                                10.044955,
                                4.815251
                            ],
                            [
                                10.044499,
                                4.813696
                            ],
                            [
                                10.044068,
                                4.812237
                            ],
                            [
                                10.043264,
                                4.80939
                            ],
                            [
                                10.043621,
                                4.809007
                            ],
                            [
                                10.044743,
                                4.808885
                            ],
                            [
                                10.046054,
                                4.808261
                            ],
                            [
                                10.04715,
                                4.807565
                            ],
                            [
                                10.04927,
                                4.805624
                            ],
                            [
                                10.050735,
                                4.803659
                            ],
                            [
                                10.051401,
                                4.802557
                            ],
                            [
                                10.051304,
                                4.801791
                            ],
                            [
                                10.050277,
                                4.800668
                            ],
                            [
                                10.050251,
                                4.799304
                            ],
                            [
                                10.050665,
                                4.797006
                            ],
                            [
                                10.050376,
                                4.795546
                            ],
                            [
                                10.049777,
                                4.794183
                            ],
                            [
                                10.049393,
                                4.792509
                            ],
                            [
                                10.04864,
                                4.791194
                            ],
                            [
                                10.04821,
                                4.79038
                            ],
                            [
                                10.047539,
                                4.789041
                            ],
                            [
                                10.048062,
                                4.787629
                            ],
                            [
                                10.048824,
                                4.7871
                            ],
                            [
                                10.04985,
                                4.787003
                            ],
                            [
                                10.052951,
                                4.786951
                            ],
                            [
                                10.054263,
                                4.786374
                            ],
                            [
                                10.055513,
                                4.785008
                            ],
                            [
                                10.056274,
                                4.783739
                            ],
                            [
                                10.056345,
                                4.782925
                            ],
                            [
                                10.0562,
                                4.782231
                            ],
                            [
                                10.055531,
                                4.781251
                            ],
                            [
                                10.055052,
                                4.780414
                            ],
                            [
                                10.055362,
                                4.779863
                            ],
                            [
                                10.057136,
                                4.777348
                            ],
                            [
                                10.058255,
                                4.776508
                            ],
                            [
                                10.059137,
                                4.775765
                            ],
                            [
                                10.060259,
                                4.776242
                            ],
                            [
                                10.061786,
                                4.776335
                            ],
                            [
                                10.063025,
                                4.775232
                            ],
                            [
                                10.063214,
                                4.774059
                            ],
                            [
                                10.061815,
                                4.772123
                            ],
                            [
                                10.06026,
                                4.769349
                            ],
                            [
                                10.058756,
                                4.768371
                            ],
                            [
                                10.057239,
                                4.767009
                            ],
                            [
                                10.056473,
                                4.765359
                            ],
                            [
                                10.055685,
                                4.764546
                            ],
                            [
                                10.055015,
                                4.763925
                            ],
                            [
                                10.052748,
                                4.762565
                            ],
                            [
                                10.05153,
                                4.761777
                            ],
                            [
                                10.050252,
                                4.760821
                            ],
                            [
                                10.049559,
                                4.75996
                            ],
                            [
                                10.047359,
                                4.756877
                            ],
                            [
                                10.046546,
                                4.755729
                            ],
                            [
                                10.044406,
                                4.752358
                            ],
                            [
                                10.043665,
                                4.75133
                            ],
                            [
                                10.04259,
                                4.750303
                            ],
                            [
                                10.041515,
                                4.749371
                            ],
                            [
                                10.039641,
                                4.748105
                            ],
                            [
                                10.038089,
                                4.746959
                            ],
                            [
                                10.037109,
                                4.746051
                            ],
                            [
                                10.036512,
                                4.745262
                            ],
                            [
                                10.035961,
                                4.744234
                            ],
                            [
                                10.035125,
                                4.742943
                            ],
                            [
                                10.034228,
                                4.741795
                            ],
                            [
                                10.032771,
                                4.740338
                            ],
                            [
                                10.032365,
                                4.739931
                            ],
                            [
                                10.031314,
                                4.739478
                            ],
                            [
                                10.02981,
                                4.738595
                            ],
                            [
                                10.028306,
                                4.737808
                            ],
                            [
                                10.026445,
                                4.737212
                            ],
                            [
                                10.024548,
                                4.736975
                            ],
                            [
                                10.022377,
                                4.736811
                            ],
                            [
                                10.020969,
                                4.736215
                            ],
                            [
                                10.019583,
                                4.734781
                            ],
                            [
                                10.017649,
                                4.733061
                            ],
                            [
                                10.015797,
                                4.730981
                            ],
                            [
                                10.014507,
                                4.729787
                            ],
                            [
                                10.012883,
                                4.728353
                            ],
                            [
                                10.011928,
                                4.72766
                            ],
                            [
                                10.011306,
                                4.726704
                            ],
                            [
                                10.009908,
                                4.724815
                            ],
                            [
                                10.009048,
                                4.72374
                            ],
                            [
                                10.008115,
                                4.722401
                            ],
                            [
                                10.006039,
                                4.722045
                            ],
                            [
                                10.00402,
                                4.719535
                            ],
                            [
                                9.988142,
                                4.738188
                            ],
                            [
                                9.976731,
                                4.724227
                            ],
                            [
                                9.976003,
                                4.722902
                            ],
                            [
                                9.974131,
                                4.719185
                            ],
                            [
                                9.972843,
                                4.715987
                            ],
                            [
                                9.972296,
                                4.713829
                            ],
                            [
                                9.971879,
                                4.712373
                            ],
                            [
                                9.971861,
                                4.708628
                            ],
                            [
                                9.971651,
                                4.706729
                            ],
                            [
                                9.971234,
                                4.704883
                            ],
                            [
                                9.969557,
                                4.701426
                            ],
                            [
                                9.968933,
                                4.700256
                            ],
                            [
                                9.967893,
                                4.698645
                            ],
                            [
                                9.966777,
                                4.69732
                            ],
                            [
                                9.962678,
                                4.695427
                            ],
                            [
                                9.961459,
                                4.694752
                            ],
                            [
                                9.960381,
                                4.693713
                            ],
                            [
                                9.959757,
                                4.692465
                            ],
                            [
                                9.959158,
                                4.689917
                            ],
                            [
                                9.958119,
                                4.688878
                            ],
                            [
                                9.958169,
                                4.687422
                            ],
                            [
                                9.958984,
                                4.686458
                            ],
                            [
                                9.959294,
                                4.685391
                            ],
                            [
                                9.959008,
                                4.684871
                            ],
                            [
                                9.956906,
                                4.683626
                            ],
                            [
                                9.952678,
                                4.681498
                            ],
                            [
                                9.951691,
                                4.680537
                            ],
                            [
                                9.951287,
                                4.678821
                            ],
                            [
                                9.951284,
                                4.676662
                            ],
                            [
                                9.950584,
                                4.676065
                            ],
                            [
                                9.949546,
                                4.675676
                            ],
                            [
                                9.9497,
                                4.674219
                            ],
                            [
                                9.949568,
                                4.672763
                            ],
                            [
                                9.948671,
                                4.670527
                            ],
                            [
                                9.947814,
                                4.66915
                            ],
                            [
                                9.946775,
                                4.668033
                            ],
                            [
                                9.945737,
                                4.667488
                            ],
                            [
                                9.943273,
                                4.666737
                            ],
                            [
                                9.941821,
                                4.666245
                            ],
                            [
                                9.939708,
                                4.666039
                            ],
                            [
                                9.936649,
                                4.665991
                            ],
                            [
                                9.934963,
                                4.665499
                            ],
                            [
                                9.931787,
                                4.665113
                            ],
                            [
                                9.928884,
                                4.665637
                            ],
                            [
                                9.925903,
                                4.665355
                            ],
                            [
                                9.925046,
                                4.664966
                            ],
                            [
                                9.923904,
                                4.663615
                            ],
                            [
                                9.922373,
                                4.662915
                            ],
                            [
                                9.920689,
                                4.663281
                            ],
                            [
                                9.920042,
                                4.664166
                            ],
                            [
                                9.919628,
                                4.664869
                            ],
                            [
                                9.919733,
                                4.665936
                            ],
                            [
                                9.92024,
                                4.667183
                            ],
                            [
                                9.920579,
                                4.668457
                            ],
                            [
                                9.921255,
                                4.669939
                            ],
                            [
                                9.921336,
                                4.672488
                            ],
                            [
                                9.920446,
                                4.675793
                            ],
                            [
                                9.920603,
                                4.676729
                            ],
                            [
                                9.920967,
                                4.677613
                            ],
                            [
                                9.921797,
                                4.678366
                            ],
                            [
                                9.924209,
                                4.679039
                            ],
                            [
                                9.92517,
                                4.679923
                            ],
                            [
                                9.925989,
                                4.68169
                            ],
                            [
                                9.926586,
                                4.682678
                            ],
                            [
                                9.927469,
                                4.683977
                            ],
                            [
                                9.928352,
                                4.685095
                            ],
                            [
                                9.92991,
                                4.686757
                            ],
                            [
                                9.93047,
                                4.68876
                            ],
                            [
                                9.929408,
                                4.689697
                            ],
                            [
                                9.927931,
                                4.690063
                            ],
                            [
                                9.927206,
                                4.690663
                            ],
                            [
                                9.925859,
                                4.691627
                            ],
                            [
                                9.924538,
                                4.692331
                            ],
                            [
                                9.923034,
                                4.692671
                            ],
                            [
                                9.92205,
                                4.692828
                            ],
                            [
                                9.92078,
                                4.69322
                            ],
                            [
                                9.918281,
                                4.695044
                            ],
                            [
                                9.9167,
                                4.696035
                            ],
                            [
                                9.915276,
                                4.696817
                            ],
                            [
                                9.914238,
                                4.696949
                            ],
                            [
                                9.912865,
                                4.697444
                            ],
                            [
                                9.911751,
                                4.698278
                            ],
                            [
                                9.910146,
                                4.699685
                            ],
                            [
                                9.90863,
                                4.700597
                            ],
                            [
                                9.907128,
                                4.70177
                            ],
                            [
                                9.904434,
                                4.70362
                            ],
                            [
                                9.902596,
                                4.705183
                            ],
                            [
                                9.901379,
                                4.70659
                            ],
                            [
                                9.899631,
                                4.70797
                            ],
                            [
                                9.898024,
                                4.708363
                            ],
                            [
                                9.896702,
                                4.708416
                            ],
                            [
                                9.895301,
                                4.708236
                            ],
                            [
                                9.89429,
                                4.708003
                            ],
                            [
                                9.89333,
                                4.70764
                            ],
                            [
                                9.889814,
                                4.705538
                            ],
                            [
                                9.886909,
                                4.704371
                            ],
                            [
                                9.88486,
                                4.703229
                            ],
                            [
                                9.883433,
                                4.702321
                            ],
                            [
                                9.881435,
                                4.701439
                            ],
                            [
                                9.878672,
                                4.700038
                            ],
                            [
                                9.877272,
                                4.699519
                            ],
                            [
                                9.874081,
                                4.698171
                            ],
                            [
                                9.872965,
                                4.697157
                            ],
                            [
                                9.871485,
                                4.695625
                            ],
                            [
                                9.867788,
                                4.693132
                            ],
                            [
                                9.865868,
                                4.691938
                            ],
                            [
                                9.862314,
                                4.6902
                            ],
                            [
                                9.861354,
                                4.689446
                            ],
                            [
                                9.860108,
                                4.688173
                            ],
                            [
                                9.85881,
                                4.68716
                            ],
                            [
                                9.857578,
                                4.686512
                            ],
                            [
                                9.856229,
                                4.685733
                            ],
                            [
                                9.853013,
                                4.684644
                            ],
                            [
                                9.851767,
                                4.683553
                            ],
                            [
                                9.848783,
                                4.681528
                            ],
                            [
                                9.846876,
                                4.680438
                            ],
                            [
                                9.843271,
                                4.679038
                            ],
                            [
                                9.840729,
                                4.67774
                            ],
                            [
                                9.839354,
                                4.676805
                            ],
                            [
                                9.838575,
                                4.676182
                            ],
                            [
                                9.836394,
                                4.673037
                            ],
                            [
                                9.835161,
                                4.672362
                            ],
                            [
                                9.831609,
                                4.672106
                            ],
                            [
                                9.830235,
                                4.6719
                            ],
                            [
                                9.829405,
                                4.671641
                            ],
                            [
                                9.828186,
                                4.670966
                            ],
                            [
                                9.826862,
                                4.670031
                            ],
                            [
                                9.825708,
                                4.668914
                            ],
                            [
                                9.823035,
                                4.667148
                            ],
                            [
                                9.821815,
                                4.666109
                            ],
                            [
                                9.820829,
                                4.664992
                            ],
                            [
                                9.820076,
                                4.663978
                            ],
                            [
                                9.819453,
                                4.662756
                            ],
                            [
                                9.818919,
                                4.66143
                            ],
                            [
                                9.818374,
                                4.660442
                            ],
                            [
                                9.817646,
                                4.658909
                            ],
                            [
                                9.817074,
                                4.657244
                            ],
                            [
                                9.816175,
                                4.653422
                            ],
                            [
                                9.815188,
                                4.651264
                            ],
                            [
                                9.814227,
                                4.649964
                            ],
                            [
                                9.813241,
                                4.649185
                            ],
                            [
                                9.811062,
                                4.648277
                            ],
                            [
                                9.809688,
                                4.647915
                            ],
                            [
                                9.807289,
                                4.647527
                            ],
                            [
                                9.80226,
                                4.647819
                            ],
                            [
                                9.798346,
                                4.647902
                            ],
                            [
                                9.796777,
                                4.647305
                            ],
                            [
                                9.795272,
                                4.646578
                            ],
                            [
                                9.794027,
                                4.645617
                            ],
                            [
                                9.791691,
                                4.643591
                            ],
                            [
                                9.790523,
                                4.642344
                            ],
                            [
                                9.788408,
                                4.639927
                            ],
                            [
                                9.787162,
                                4.63868
                            ],
                            [
                                9.783762,
                                4.635042
                            ],
                            [
                                9.78149,
                                4.632157
                            ],
                            [
                                9.78066,
                                4.631013
                            ],
                            [
                                9.774366,
                                4.624465
                            ],
                            [
                                9.772886,
                                4.622906
                            ],
                            [
                                9.771978,
                                4.621866
                            ],
                            [
                                9.763273,
                                4.614904
                            ],
                            [
                                9.760731,
                                4.613294
                            ],
                            [
                                9.759771,
                                4.612411
                            ],
                            [
                                9.758802,
                                4.610694
                            ],
                            [
                                9.758381,
                                4.609577
                            ],
                            [
                                9.75812,
                                4.608173
                            ],
                            [
                                9.758014,
                                4.606378
                            ],
                            [
                                9.758116,
                                4.603985
                            ],
                            [
                                9.758322,
                                4.60271
                            ],
                            [
                                9.758619,
                                4.601617
                            ],
                            [
                                9.759162,
                                4.600056
                            ],
                            [
                                9.759573,
                                4.597376
                            ],
                            [
                                9.759649,
                                4.595711
                            ],
                            [
                                9.758857,
                                4.594229
                            ],
                            [
                                9.758,
                                4.592826
                            ],
                            [
                                9.75805,
                                4.590874
                            ],
                            [
                                9.758412,
                                4.590146
                            ],
                            [
                                9.758722,
                                4.588793
                            ],
                            [
                                9.758863,
                                4.587518
                            ],
                            [
                                9.758861,
                                4.585853
                            ],
                            [
                                9.759014,
                                4.58346
                            ],
                            [
                                9.759349,
                                4.581717
                            ],
                            [
                                9.760177,
                                4.580311
                            ],
                            [
                                9.761019,
                                4.579374
                            ],
                            [
                                9.760213,
                                4.577424
                            ],
                            [
                                9.759979,
                                4.576435
                            ],
                            [
                                9.759926,
                                4.575369
                            ],
                            [
                                9.760092,
                                4.57334
                            ],
                            [
                                9.760453,
                                4.571701
                            ],
                            [
                                9.760582,
                                4.5704
                            ],
                            [
                                9.760865,
                                4.568422
                            ],
                            [
                                9.760838,
                                4.567694
                            ],
                            [
                                9.760552,
                                4.5672
                            ],
                            [
                                9.758984,
                                4.566838
                            ],
                            [
                                9.757868,
                                4.566163
                            ],
                            [
                                9.757479,
                                4.565695
                            ],
                            [
                                9.75696,
                                4.564603
                            ],
                            [
                                9.756621,
                                4.563459
                            ],
                            [
                                9.756786,
                                4.559713
                            ],
                            [
                                9.757096,
                                4.558724
                            ],
                            [
                                9.75668,
                                4.557814
                            ],
                            [
                                9.756264,
                                4.556462
                            ],
                            [
                                9.756082,
                                4.555525
                            ],
                            [
                                9.756418,
                                4.554459
                            ],
                            [
                                9.757479,
                                4.553027
                            ],
                            [
                                9.758501,
                                4.551543
                            ],
                            [
                                9.759796,
                                4.550137
                            ],
                            [
                                9.760391,
                                4.549122
                            ],
                            [
                                9.760727,
                                4.547795
                            ],
                            [
                                9.76127,
                                4.546754
                            ],
                            [
                                9.763275,
                                4.54389
                            ],
                            [
                                9.763896,
                                4.542121
                            ],
                            [
                                9.764024,
                                4.540534
                            ],
                            [
                                9.763893,
                                4.539103
                            ],
                            [
                                9.763386,
                                4.537569
                            ],
                            [
                                9.763306,
                                4.535748
                            ],
                            [
                                9.76377,
                                4.533094
                            ],
                            [
                                9.764493,
                                4.530804
                            ],
                            [
                                9.765878,
                                4.52893
                            ],
                            [
                                9.767794,
                                4.527211
                            ],
                            [
                                9.768312,
                                4.526508
                            ],
                            [
                                9.76883,
                                4.525571
                            ],
                            [
                                9.76945,
                                4.52414
                            ],
                            [
                                9.769772,
                                4.522527
                            ],
                            [
                                9.770701,
                                4.518676
                            ],
                            [
                                9.771373,
                                4.51649
                            ],
                            [
                                9.771787,
                                4.515814
                            ],
                            [
                                9.772577,
                                4.515188
                            ],
                            [
                                9.774443,
                                4.515317
                            ],
                            [
                                9.775661,
                                4.515263
                            ],
                            [
                                9.775608,
                                4.514171
                            ],
                            [
                                9.774985,
                                4.513105
                            ],
                            [
                                9.774751,
                                4.512377
                            ],
                            [
                                9.77475,
                                4.511284
                            ],
                            [
                                9.775137,
                                4.509853
                            ],
                            [
                                9.775771,
                                4.508474
                            ],
                            [
                                9.776547,
                                4.507172
                            ],
                            [
                                9.777816,
                                4.505896
                            ],
                            [
                                9.777996,
                                4.50522
                            ],
                            [
                                9.777762,
                                4.504622
                            ],
                            [
                                9.776907,
                                4.504024
                            ],
                            [
                                9.775273,
                                4.503272
                            ],
                            [
                                9.772743,
                                4.501245
                            ],
                            [
                                9.772845,
                                4.499034
                            ],
                            [
                                9.773336,
                                4.497967
                            ],
                            [
                                9.773465,
                                4.497161
                            ],
                            [
                                9.772809,
                                4.497571
                            ],
                            [
                                9.772379,
                                4.497588
                            ],
                            [
                                9.772295,
                                4.497591
                            ],
                            [
                                9.771444,
                                4.497319
                            ],
                            [
                                9.770276,
                                4.496852
                            ],
                            [
                                9.770017,
                                4.496254
                            ],
                            [
                                9.770637,
                                4.494953
                            ],
                            [
                                9.770999,
                                4.494016
                            ],
                            [
                                9.771936,
                                4.492598
                            ],
                            [
                                9.773361,
                                4.491348
                            ],
                            [
                                9.771934,
                                4.490699
                            ],
                            [
                                9.770663,
                                4.48979
                            ],
                            [
                                9.770818,
                                4.48862
                            ],
                            [
                                9.771179,
                                4.487215
                            ],
                            [
                                9.771904,
                                4.486615
                            ],
                            [
                                9.772655,
                                4.486198
                            ],
                            [
                                9.774107,
                                4.486301
                            ],
                            [
                                9.774832,
                                4.486014
                            ],
                            [
                                9.775194,
                                4.48552
                            ],
                            [
                                9.77544,
                                4.484713
                            ],
                            [
                                9.775748,
                                4.482163
                            ],
                            [
                                9.776136,
                                4.48068
                            ],
                            [
                                9.776652,
                                4.479353
                            ],
                            [
                                9.777118,
                                4.47852
                            ],
                            [
                                9.778063,
                                4.477505
                            ],
                            [
                                9.778788,
                                4.476281
                            ],
                            [
                                9.777983,
                                4.475632
                            ],
                            [
                                9.776376,
                                4.475087
                            ],
                            [
                                9.775182,
                                4.47423
                            ],
                            [
                                9.773963,
                                4.473295
                            ],
                            [
                                9.772666,
                                4.471761
                            ],
                            [
                                9.772495,
                                4.469837
                            ],
                            [
                                9.771975,
                                4.468173
                            ],
                            [
                                9.763678,
                                4.454597
                            ],
                            [
                                9.763695,
                                4.451866
                            ],
                            [
                                9.763861,
                                4.451052
                            ],
                            [
                                9.764575,
                                4.448945
                            ],
                            [
                                9.7648,
                                4.447533
                            ],
                            [
                                9.765304,
                                4.444844
                            ],
                            [
                                9.769168,
                                4.443173
                            ],
                            [
                                9.771496,
                                4.442503
                            ],
                            [
                                9.77349,
                                4.441667
                            ],
                            [
                                9.775153,
                                4.441331
                            ],
                            [
                                9.775819,
                                4.442332
                            ],
                            [
                                9.779085,
                                4.44284
                            ],
                            [
                                9.78044,
                                4.443772
                            ],
                            [
                                9.782245,
                                4.444829
                            ],
                            [
                                9.783141,
                                4.446497
                            ],
                            [
                                9.783807,
                                4.447331
                            ],
                            [
                                9.784474,
                                4.448665
                            ],
                            [
                                9.785971,
                                4.449331
                            ],
                            [
                                9.788464,
                                4.448327
                            ],
                            [
                                9.79179,
                                4.447656
                            ],
                            [
                                9.79445,
                                4.446652
                            ],
                            [
                                9.795779,
                                4.445315
                            ],
                            [
                                9.797607,
                                4.444479
                            ],
                            [
                                9.798606,
                                4.445312
                            ],
                            [
                                9.80027,
                                4.445644
                            ],
                            [
                                9.801599,
                                4.445142
                            ],
                            [
                                9.80243,
                                4.444473
                            ],
                            [
                                9.802093,
                                4.440468
                            ],
                            [
                                9.80159,
                                4.436462
                            ],
                            [
                                9.801251,
                                4.431121
                            ],
                            [
                                9.800914,
                                4.426782
                            ],
                            [
                                9.799486,
                                4.41293
                            ],
                            [
                                9.798471,
                                4.397241
                            ],
                            [
                                9.797463,
                                4.387561
                            ],
                            [
                                9.796027,
                                4.36603
                            ],
                            [
                                9.794691,
                                4.360857
                            ],
                            [
                                9.794351,
                                4.35318
                            ],
                            [
                                9.793341,
                                4.341831
                            ],
                            [
                                9.791904,
                                4.318798
                            ],
                            [
                                9.791399,
                                4.312789
                            ],
                            [
                                9.790559,
                                4.304778
                            ],
                            [
                                9.789719,
                                4.295766
                            ],
                            [
                                9.78888,
                                4.288756
                            ],
                            [
                                9.788704,
                                4.27991
                            ],
                            [
                                9.786781,
                                4.269062
                            ],
                            [
                                9.785946,
                                4.265224
                            ],
                            [
                                9.784778,
                                4.260719
                            ],
                            [
                                9.782445,
                                4.256047
                            ],
                            [
                                9.780115,
                                4.253045
                            ],
                            [
                                9.777616,
                                4.248374
                            ],
                            [
                                9.774785,
                                4.243703
                            ],
                            [
                                9.771455,
                                4.2392
                            ],
                            [
                                9.765897,
                                4.229835
                            ],
                            [
                                9.763217,
                                4.224553
                            ],
                            [
                                9.7617,
                                4.223371
                            ],
                            [
                                9.761097,
                                4.221864
                            ],
                            [
                                9.76099,
                                4.220741
                            ],
                            [
                                9.761614,
                                4.219438
                            ],
                            [
                                9.765437,
                                4.213608
                            ],
                            [
                                9.767727,
                                4.207822
                            ],
                            [
                                9.767305,
                                4.203362
                            ],
                            [
                                9.765377,
                                4.196009
                            ],
                            [
                                9.762303,
                                4.193056
                            ],
                            [
                                9.760882,
                                4.191147
                            ],
                            [
                                9.75489,
                                4.182389
                            ],
                            [
                                9.750972,
                                4.17142
                            ],
                            [
                                9.751937,
                                4.161536
                            ],
                            [
                                9.754408,
                                4.154725
                            ],
                            [
                                9.754912,
                                4.152753
                            ],
                            [
                                9.755458,
                                4.149811
                            ],
                            [
                                9.756742,
                                4.147667
                            ],
                            [
                                9.758404,
                                4.143984
                            ],
                            [
                                9.758144,
                                4.140743
                            ],
                            [
                                9.755708,
                                4.135754
                            ],
                            [
                                9.754666,
                                4.132849
                            ],
                            [
                                9.75286,
                                4.131937
                            ],
                            [
                                9.751814,
                                4.130999
                            ],
                            [
                                9.750151,
                                4.128913
                            ],
                            [
                                9.749144,
                                4.125857
                            ],
                            [
                                9.749725,
                                4.122542
                            ],
                            [
                                9.749612,
                                4.120546
                            ],
                            [
                                9.746838,
                                4.118191
                            ],
                            [
                                9.745116,
                                4.117138
                            ],
                            [
                                9.74208,
                                4.116443
                            ],
                            [
                                9.73948,
                                4.11667
                            ],
                            [
                                9.736981,
                                4.1179
                            ],
                            [
                                9.734952,
                                4.11725
                            ],
                            [
                                9.732419,
                                4.113707
                            ],
                            [
                                9.732017,
                                4.111503
                            ],
                            [
                                9.730739,
                                4.108157
                            ],
                            [
                                9.730759,
                                4.104927
                            ],
                            [
                                9.730833,
                                4.102059
                            ],
                            [
                                9.729043,
                                4.099428
                            ],
                            [
                                9.727135,
                                4.097635
                            ],
                            [
                                9.726828,
                                4.097547
                            ],
                            [
                                9.726955,
                                4.096199
                            ],
                            [
                                9.725165,
                                4.094405
                            ],
                            [
                                9.723615,
                                4.09321
                            ],
                            [
                                9.723137,
                                4.091176
                            ],
                            [
                                9.721943,
                                4.089262
                            ],
                            [
                                9.721464,
                                4.086989
                            ],
                            [
                                9.72337,
                                4.086269
                            ],
                            [
                                9.725038,
                                4.085669
                            ],
                            [
                                9.726109,
                                4.083395
                            ],
                            [
                                9.72551,
                                4.080044
                            ],
                            [
                                9.72372,
                                4.077772
                            ],
                            [
                                9.721572,
                                4.074662
                            ],
                            [
                                9.720855,
                                4.071791
                            ],
                            [
                                9.72133,
                                4.069517
                            ],
                            [
                                9.722043,
                                4.06808
                            ],
                            [
                                9.723112,
                                4.063771
                            ],
                            [
                                9.722394,
                                4.060301
                            ],
                            [
                                9.722313,
                                4.060057
                            ],
                            [
                                9.721079,
                                4.056353
                            ],
                            [
                                9.720356,
                                4.049544
                            ],
                            [
                                9.71237,
                                4.044402
                            ],
                            [
                                9.705566,
                                4.044
                            ],
                            [
                                9.705462,
                                4.041247
                            ],
                            [
                                9.698456,
                                4.041763
                            ],
                            [
                                9.698454,
                                4.039418
                            ],
                            [
                                9.700078,
                                4.038906
                            ],
                            [
                                9.700484,
                                4.037682
                            ],
                            [
                                9.702311,
                                4.037681
                            ],
                            [
                                9.702265,
                                4.036499
                            ],
                            [
                                9.698471,
                                4.032333
                            ],
                            [
                                9.705326,
                                4.027251
                            ],
                            [
                                9.697962,
                                4.017763
                            ],
                            [
                                9.697823,
                                4.014228
                            ],
                            [
                                9.696873,
                                4.010422
                            ],
                            [
                                9.694342,
                                4.006413
                            ],
                            [
                                9.700008,
                                4.005094
                            ],
                            [
                                9.702861,
                                4.004431
                            ],
                            [
                                9.707266,
                                4.000119
                            ],
                            [
                                9.70904,
                                3.998044
                            ],
                            [
                                9.711899,
                                3.996246
                            ],
                            [
                                9.7144,
                                3.995287
                            ],
                            [
                                9.717854,
                                3.993608
                            ],
                            [
                                9.720237,
                                3.992768
                            ],
                            [
                                9.722143,
                                3.991929
                            ],
                            [
                                9.725837,
                                3.991567
                            ],
                            [
                                9.727148,
                                3.991805
                            ],
                            [
                                9.728457,
                                3.990128
                            ],
                            [
                                9.730481,
                                3.987973
                            ],
                            [
                                9.732626,
                                3.987731
                            ],
                            [
                                9.735132,
                                3.985272
                            ],
                            [
                                9.739026,
                                3.982864
                            ],
                            [
                                9.742245,
                                3.982243
                            ],
                            [
                                9.744036,
                                3.981207
                            ],
                            [
                                9.74619,
                                3.980767
                            ],
                            [
                                9.751615,
                                3.98333
                            ],
                            [
                                9.753302,
                                3.985143
                            ],
                            [
                                9.75543,
                                3.985376
                            ],
                            [
                                9.757118,
                                3.9839
                            ],
                            [
                                9.763555,
                                3.984055
                            ],
                            [
                                9.765449,
                                3.982476
                            ],
                            [
                                9.765839,
                                3.977763
                            ],
                            [
                                9.764281,
                                3.976261
                            ],
                            [
                                9.760077,
                                3.974526
                            ],
                            [
                                9.759557,
                                3.972662
                            ],
                            [
                                9.761219,
                                3.970435
                            ],
                            [
                                9.761271,
                                3.965567
                            ],
                            [
                                9.763087,
                                3.962719
                            ],
                            [
                                9.765538,
                                3.960422
                            ],
                            [
                                9.767925,
                                3.958172
                            ],
                            [
                                9.759457,
                                3.945102
                            ],
                            [
                                9.753022,
                                3.940631
                            ],
                            [
                                9.725927,
                                3.938708
                            ],
                            [
                                9.700875,
                                3.927384
                            ],
                            [
                                9.701918,
                                3.91967
                            ],
                            [
                                9.699363,
                                3.918817
                            ],
                            [
                                9.693833,
                                3.915286
                            ],
                            [
                                9.693673,
                                3.915647
                            ],
                            [
                                9.692883,
                                3.91574
                            ],
                            [
                                9.692699,
                                3.915161
                            ],
                            [
                                9.692341,
                                3.914919
                            ],
                            [
                                9.690478,
                                3.914919
                            ],
                            [
                                9.689146,
                                3.91539
                            ],
                            [
                                9.688713,
                                3.915098
                            ],
                            [
                                9.688529,
                                3.914018
                            ],
                            [
                                9.68802,
                                3.914947
                            ],
                            [
                                9.687227,
                                3.915286
                            ],
                            [
                                9.686125,
                                3.915628
                            ],
                            [
                                9.685746,
                                3.915109
                            ],
                            [
                                9.685659,
                                3.916038
                            ],
                            [
                                9.685015,
                                3.916806
                            ],
                            [
                                9.683829,
                                3.917313
                            ],
                            [
                                9.679561,
                                3.917086
                            ],
                            [
                                9.678136,
                                3.916221
                            ],
                            [
                                9.677308,
                                3.91332
                            ],
                            [
                                9.67668,
                                3.912477
                            ],
                            [
                                9.676594,
                                3.911742
                            ],
                            [
                                9.677092,
                                3.911418
                            ],
                            [
                                9.677006,
                                3.910309
                            ],
                            [
                                9.67785,
                                3.908134
                            ],
                            [
                                9.680796,
                                3.905216
                            ],
                            [
                                9.683096,
                                3.902572
                            ],
                            [
                                9.684579,
                                3.902125
                            ],
                            [
                                9.686688,
                                3.899143
                            ],
                            [
                                9.688453,
                                3.897404
                            ],
                            [
                                9.690575,
                                3.894354
                            ],
                            [
                                9.69269,
                                3.892445
                            ],
                            [
                                9.696596,
                                3.890119
                            ],
                            [
                                9.699076,
                                3.889002
                            ],
                            [
                                9.700787,
                                3.888419
                            ],
                            [
                                9.701675,
                                3.888981
                            ],
                            [
                                9.702249,
                                3.888343
                            ],
                            [
                                9.701393,
                                3.887835
                            ],
                            [
                                9.70057,
                                3.887468
                            ],
                            [
                                9.698599,
                                3.887403
                            ],
                            [
                                9.697376,
                                3.887402
                            ],
                            [
                                9.696281,
                                3.884659
                            ],
                            [
                                9.696317,
                                3.882451
                            ],
                            [
                                9.697136,
                                3.87995
                            ],
                            [
                                9.698547,
                                3.876599
                            ],
                            [
                                9.700391,
                                3.874534
                            ],
                            [
                                9.704178,
                                3.873813
                            ],
                            [
                                9.706679,
                                3.872077
                            ],
                            [
                                9.710864,
                                3.869122
                            ],
                            [
                                9.715243,
                                3.866967
                            ],
                            [
                                9.710035,
                                3.854047
                            ],
                            [
                                9.706863,
                                3.854134
                            ],
                            [
                                9.699169,
                                3.853268
                            ],
                            [
                                9.695964,
                                3.852022
                            ],
                            [
                                9.692626,
                                3.848496
                            ],
                            [
                                9.69149,
                                3.846193
                            ],
                            [
                                9.689537,
                                3.84319
                            ],
                            [
                                9.688646,
                                3.841736
                            ],
                            [
                                9.688479,
                                3.840752
                            ],
                            [
                                9.688049,
                                3.84078
                            ],
                            [
                                9.687388,
                                3.839272
                            ],
                            [
                                9.680873,
                                3.837956
                            ],
                            [
                                9.687408,
                                3.8287
                            ],
                            [
                                9.694411,
                                3.812774
                            ],
                            [
                                9.698972,
                                3.796848
                            ],
                            [
                                9.7006,
                                3.780921
                            ],
                            [
                                9.701176,
                                3.770202
                            ],
                            [
                                9.696776,
                                3.761939
                            ],
                            [
                                9.67497,
                                3.76096
                            ],
                            [
                                9.65771,
                                3.75434
                            ],
                            [
                                9.63939,
                                3.75869
                            ],
                            [
                                9.6199,
                                3.77225
                            ],
                            [
                                9.60675,
                                3.78083
                            ],
                            [
                                9.586609,
                                3.780115
                            ],
                            [
                                9.581707,
                                3.79316
                            ],
                            [
                                9.580721,
                                3.794158
                            ],
                            [
                                9.577435,
                                3.796357
                            ],
                            [
                                9.572092,
                                3.800167
                            ],
                            [
                                9.569869,
                                3.801236
                            ],
                            [
                                9.568702,
                                3.800534
                            ],
                            [
                                9.566958,
                                3.802275
                            ],
                            [
                                9.566152,
                                3.803532
                            ],
                            [
                                9.564086,
                                3.80499
                            ],
                            [
                                9.560052,
                                3.809274
                            ],
                            [
                                9.559502,
                                3.8104
                            ],
                            [
                                9.55821,
                                3.811939
                            ],
                            [
                                9.55655,
                                3.812742
                            ],
                            [
                                9.555387,
                                3.814146
                            ],
                            [
                                9.552995,
                                3.815302
                            ],
                            [
                                9.551955,
                                3.816758
                            ],
                            [
                                9.550497,
                                3.818341
                            ],
                            [
                                9.55031,
                                3.818544
                            ],
                            [
                                9.546786,
                                3.819996
                            ],
                            [
                                9.545508,
                                3.820236
                            ],
                            [
                                9.542605,
                                3.819952
                            ],
                            [
                                9.54197,
                                3.819834
                            ],
                            [
                                9.541224,
                                3.820044
                            ],
                            [
                                9.540468,
                                3.820215
                            ],
                            [
                                9.540205,
                                3.82038
                            ],
                            [
                                9.539468,
                                3.821179
                            ],
                            [
                                9.53906,
                                3.821357
                            ],
                            [
                                9.538675,
                                3.822336
                            ],
                            [
                                9.538389,
                                3.822679
                            ],
                            [
                                9.537702,
                                3.8238
                            ],
                            [
                                9.537492,
                                3.824503
                            ],
                            [
                                9.537115,
                                3.824879
                            ],
                            [
                                9.53689,
                                3.825536
                            ],
                            [
                                9.536905,
                                3.825808
                            ],
                            [
                                9.537182,
                                3.825858
                            ],
                            [
                                9.537415,
                                3.826219
                            ],
                            [
                                9.537618,
                                3.826628
                            ],
                            [
                                9.537467,
                                3.826753
                            ],
                            [
                                9.537032,
                                3.826885
                            ],
                            [
                                9.53652,
                                3.826603
                            ],
                            [
                                9.536189,
                                3.825841
                            ]
                        ]
                    ],
                    [
                        [
                            [
                                9.631,
                                3.61668
                            ],
                            [
                                9.63279,
                                3.60623
                            ],
                            [
                                9.63469,
                                3.60798
                            ],
                            [
                                9.63482,
                                3.61548
                            ],
                            [
                                9.63823,
                                3.62754
                            ],
                            [
                                9.64186,
                                3.63087
                            ],
                            [
                                9.6408,
                                3.63505
                            ],
                            [
                                9.63924,
                                3.63487
                            ],
                            [
                                9.63423,
                                3.62821
                            ],
                            [
                                9.631,
                                3.61668
                            ]
                        ]
                    ]
                ]
            }
        }
    ]
}